Province,Restaurant, Delivery Fee,Delivery Time,Rating
Bratislava,Best kebab pizza Petržalka,from 6.00,55 - 65 min.,4.4
Bratislava,Loove restaurant by Vegana Plynárenská,from 5.00,35 - 45 min.,4.5
Bratislava,Pizzeria Viktória,from 5.90,25 - 35 min.,4.8
Bratislava,Sultan Kebab a Pizza,from 5.00,40 - 50 min.,4.4
Bratislava,Hotdogáreň,from 5.00,40 - 50 min.,5
Bratislava,White rabbit noodle bar&sushi,from 5.00,40 - 50 min.,4.6
Bratislava,Reštaurácia Ako Doma,from 5.00,40 - 50 min.,4.7
Bratislava,Pho Viet Cubicon,from 5.00,45 - 55 min.,4.9
Bratislava,Phočkáreň Eurovea,from 5.00,40 - 50 min.,4.8
Bratislava,Phočkáreň Bory Mall,from 5.00,40 - 50 min.,4.8
Bratislava,FOODSTOCK,from 5.00,35 - 45 min.,4.9
Bratislava,Čínska reštaurácia Panda,from 5.00,40 - 50 min.,4.8
Bratislava,Masala Darbar,from 5.00,40 - 50 min.,4.7
Bratislava,La Garnacha,from 5.00,35 - 45 min.,4.2
Bratislava,Poké Bistro Eurovea,from 5.00,35 - 45 min.,4.6
Bratislava,KFC OC Relaxx,from 5.00,25 - 35 min.,4.5
Bratislava,Knedličkovo,from 5.00,40 - 50 min.,4.7
Bratislava,Pizza Frado,from 5.00,40 - 50 min.,4.9
Bratislava,Vegan pub,from 5.00,40 - 50 min.,4.6
Bratislava,Barskde&Chilantro,from 5.00,35 - 45 min.,4.4
Bratislava,Italiana pizza Dúbravka,from 5.00,40 - 50 min.,4.9
Bratislava,KFC Bory Mall,from 5.00,30 - 40 min.,4.3
Bratislava,BEMBA rawfood & plant-based,from 5.00,40 - 50 min.,4.9
Bratislava,Izmir 35 pizza&kebab,from 5.00,40 - 50 min.,4.9
Bratislava,Burger King Laurinská,from 8.00,35 - 45 min.,4.5
Bratislava,POsushiME,from 5.00,40 - 50 min.,4.5
Bratislava,Soupculture,from 5.00,40 - 50 min.,5
Bratislava,U MaMi,from 5.00,55 - 65 min.,4.9
Bratislava,Pizza Bene,from 6.00,55 - 65 min.,4.8
Bratislava,Papito Pizza,from 5.80,25 - 35 min.,4.8
Bratislava,Pizza Carlito,from 15.00,50 - 60 min.,4.8
Bratislava,Shanghai Asian Fast Food,from 5.00,40 - 50 min.,4.9
Bratislava,Pho Viet vietnamské bistro,from 5.00,40 - 50 min.,4.5
Bratislava,Burger King Bory Mall,from 8.00,40 - 50 min.,4.7
Bratislava,Amici Pizzeria,from 6.00,55 - 65 min.,4.8
Bratislava,Best pizza and Kebab,from 5.00,40 - 50 min.,4.6
Bratislava,Yakuza sushi,from 5.00,55 - 65 min.,4.8
Bratislava,Diner Lamač,from 5.00,40 - 50 min.,5
Bratislava,Sapa food,from 5.00,40 - 50 min.,4.3
Bratislava,Poké Bistro Bory Mall,from 5.00,40 - 50 min.,4.6
Bratislava,Sunshine Eurovea,from 5.00,40 - 50 min.,4.3
Bratislava,KFC Aupark,from 5.00,25 - 35 min.,4.2
Bratislava,Čínska reštaurácia Kuchajda,from 5.00,40 - 50 min.,4.5
Bratislava,Hummus and Couscous bar Bory Mall,from 5.00,40 - 50 min.,4.6
Bratislava,Vrakunská Brána,from 4.70,70 - 80 min.,4.9
Bratislava,LaMamma,from 5.00,40 - 50 min.,4.7
Bratislava,Kráľovský dvor restaurant,from 4.90,55 - 65 min.,4.8
Bratislava,Reštaurácia SK - HU Étterem,from 4.28,70 - 80 min.,4.8
Bratislava,Partička,from 8.00,55 - 65 min.,4.8
Bratislava,Subway Bory Mall,from 5.00,40 - 50 min.,4.6
Bratislava,Gregory Pizza & Restaurant,from 4.50,100 - 110 min.,4.9
Bratislava,Noodles by YAN,from 5.00,40 - 50 min.,4.7
Bratislava,Bistro Gourmet,from 5.00,40 - 50 min.,4.7
Bratislava,Punjabi Dhaba Hlboká,from 5.00,45 - 55 min.,4.5
Bratislava,Punjabi Dhaba Prievozská,from 5.00,40 - 50 min.,4.6
Bratislava,Daniels pub & restaurant,from 5.00,55 - 65 min.,4.9
Bratislava,Čínska reštaurácia Jasmin,from 5.00,40 - 50 min.,4.6
Bratislava,Fragolino ristorante,from 5.00,55 - 65 min.,4.8
Bratislava,Saigon Bistro Rača,from 6.99,55 - 65 min.,4.8
Bratislava,Hanoi Garden Na Pántoch,from 6.99,55 - 65 min.,4.8
Bratislava,Poké Bistro Avion,from 5.00,40 - 50 min.,4.6
Bratislava,Creative Kitchen,from 5.00,55 - 65 min.,4.9
Bratislava,Phočkáreň OC Avion,from 5.00,40 - 50 min.,4.6
Bratislava,Real food - pizza# kebab India,from 5.00,40 - 50 min.,4.7
Bratislava,Tirolská izba,from 5.00,40 - 50 min.,4.6
Bratislava,Pizzeria Fantozzi,from 8.00,55 - 65 min.,4.8
Bratislava,TUK TUK,from 5.00,40 - 50 min.,4.8
Bratislava,Salašinka,from 6.00,70 - 80 min.,4.8
Bratislava,BeAbout,from 5.00,70 - 80 min.,4.8
Bratislava,SUSHI YA,from 15.00,55 - 65 min.,4.9
Bratislava,Adam's Rock,from 20.00,70 - 80 min.,4.9
Bratislava,Guru Pizza,from 5.00,55 - 65 min.,4.9
Bratislava,Sunshine Aupark,from 5.00,40 - 50 min.,4.7
Bratislava,PIZZA CITY,from 4.49,70 - 80 min.,4.9
Bratislava,Dobrý deň,from 4.20,85 - 95 min.,4.7
Bratislava,Pizza Zagarolo,from 6.00,70 - 80 min.,4.7
Bratislava,Pizza Grande,from 0.00,55 - 65 min.,4.7
Bratislava,DeliveriX,from 5.00,85 - 95 min.,4.8
Bratislava,Fresh BBQ Bory Mall,from 5.00,40 - 50 min.,4.5
Bratislava,Pirko Pizza Pasta,from 5.00,55 - 65 min.,4.9
Bratislava,Vaše Retro (bývala Pizza Retro),from 6.50,70 - 80 min.,4.8
Bratislava,Reštaurácia Breweria,from 6.00,40 - 50 min.,4.4
Bratislava,Morris reštaurácia a pizza,from 10.00,55 - 65 min.,4.7
Bratislava,Sunshine Avion,from 5.00,40 - 50 min.,4.3
Bratislava,Red Cafe,from 5.00,40 - 50 min.,4.5
Bratislava,Pizzeria Ciao,from 5.00,40 - 50 min.,4.5
Bratislava,Nomad Avion,from 5.00,40 - 50 min.,4.8
Bratislava,Italiana pizza,from 4.00,70 - 80 min.,4.8
Bratislava,Gordon Kebab,from 5.00,40 - 50 min.,4.8
Bratislava,Reštaurácia SK - HU Étterem Vajnory,from 4.99,70 - 80 min.,4.7
Bratislava,Chicken Supreme,from 5.00,55 - 65 min.,4.8
Bratislava,Royal Kashmir restaurant,from 5.00,45 - 55 min.,4.7
Bratislava,FATCAT sushi delivery,from 9.00,55 - 65 min.,4.9
Bratislava,Duna pub&restaurant,from 5.00,115 - 125 min.,4.9
Bratislava,Best kebab pizza Dúbravka,from 3.00,55 - 65 min.,4.8
Bratislava,Elephant Diner,from 15.00,70 - 80 min.,4.7
Bratislava,Maestro Erik Italian pizza style,from 12.00,70 - 80 min.,4.9
Bratislava,Pizzeria Sicília,from 5.00,85 - 95 min.,4.7
Bratislava,Pizzeria Pinbal,from 6.80,40 - 50 min.,4.7
Bratislava,Pizzeria Metropol,from 10.00,55 - 65 min.,4.9
Bratislava,Regal Burger Palackého,from 5.00,35 - 45 min.,4.7
Bratislava,Reštaurácia Avalon,from 5.00,40 - 50 min.,4.6
Bratislava,Kazumi,from 10.00,55 - 65 min.,4.7
Bratislava,Pán Burger (bývalý Strýko burger),from 5.00,40 - 50 min.,4.6
Bratislava,Hanoi Garden Prievozská,from 6.50,115 - 125 min.,4.8
Bratislava,Saigon Bistro Podunajská,from 6.50,55 - 65 min.,4.7
Bratislava,Subway Mlynské nivy,from 5.00,35 - 45 min.,4.5
Bratislava,Reštaurácia Milica,from 10.20,115 - 125 min.,4.9
Bratislava,Pilgrim's Pizza,from 6.00,70 - 80 min.,4.7
Bratislava,M. Phong,from 5.00,40 - 50 min.,4.4
Bratislava,Pizza Point,from 9.50,70 - 80 min.,4.7
Bratislava,Red Hot Kebab,from 25.00,55 - 65 min.,4.8
Bratislava,Kurkuma Indian restaurant,from 5.00,40 - 50 min.,4.7
Bratislava,Pizzeria Primavera,from 6.00,85 - 95 min.,4.7
Bratislava,Pizza Boss,from 5.00,55 - 65 min.,4.7
Bratislava,Andy's pizza,from 5.00,70 - 80 min.,4.7
Bratislava,Kinka Ramen,from 5.00,40 - 50 min.,4.5
Bratislava,Burger King Aupark,from 8.00,40 - 50 min.,4.3
Bratislava,Kútik chuti,from 5.00,85 - 95 min.,4.7
Bratislava,Pizza Pirko,from 5.50,85 - 95 min.,4.9
Bratislava,La Vita Ristorante,from 5.00,40 - 50 min.,4.6
Bratislava,Way2ocean,from 10.00,40 - 50 min.,4.9
Bratislava,LeTorri,from 5.00,40 - 50 min.,4.5
Bratislava,Teriyaki&Fresh Freshmarket,from 5.00,40 - 50 min.,4.6
Bratislava,Pizza Presto,from 5.20,70 - 80 min.,4.9
Bratislava,Regal Burger Eurovea,from 5.00,40 - 50 min.,4.7
Bratislava,Reštaurácia ALFA,from 5.00,40 - 50 min.,4.5
Bratislava,Pizzeria & Restaurant Bella Napoli,from 5.00,55 - 65 min.,4.6
Bratislava,Pizzeria Lombardi,from 5.00,55 - 65 min.,4.6
Bratislava,Grillko drive,from 5.00,115 - 125 min.,5
Bratislava,Koliba Bory Mall,from 5.00,40 - 50 min.,4.8
Bratislava,DOBRÉ JEDLO NA KOLIBE - Čertisko&Kača,from 5.00,70 - 80 min.,4.9
Bratislava,SushiMa,from 20.00,55 - 65 min.,5
Bratislava,Pizza Apetito,from 6.00,70 - 80 min.,4.8
Bratislava,Hanoi bistro Saratovská,from 6.50,85 - 95 min.,4.9
Bratislava,Satyam indická kuchyňa (Bory Mall),from 5.00,40 - 50 min.,4.7
Bratislava,ALOHA Poké bar,from 9.90,70 - 80 min.,4.5
Bratislava,Muchen Tuchen Bistro,from 6.00,70 - 80 min.,4.7
Bratislava,Pizzéria La Mia,from 4.00,55 - 65 min.,4.6
Bratislava,Burger King Avion,from 8.00,40 - 50 min.,4
Bratislava,Saigon Bistro Špitálska,from 5.00,40 - 50 min.,4.5
Bratislava,Reštaurácia Im Lette,from 4.50,85 - 95 min.,4.6
Bratislava,Pizza Hut Bory Mall,from 5.00,40 - 50 min.,4.5
Bratislava,Pho Yo,from 5.00,40 - 50 min.,4.7
Bratislava,Quan Vuong Food,from 6.00,70 - 80 min.,4.8
Bratislava,Sole Mio Pizza,from 5.00,40 - 50 min.,4.7
Bratislava,Pizza Chip Riazanská,from 5.00,40 - 50 min.,4.4
Bratislava,Rozvoz jedál-GAHA,from 5.00,70 - 80 min.,4.9
Bratislava,Subway Cubicon,from 5.00,40 - 50 min.,4.6
Bratislava,Regal Burger Fresh market,from 5.00,40 - 50 min.,4.7
Bratislava,Smažáčik,from 5.00,40 - 50 min.,4.6
Bratislava,Sapa Quan,from 6.00,70 - 80 min.,4.7
Bratislava,Pizzeria Laura’s,from 4.90,55 - 65 min.,4.7
Bratislava,Johny Italian Bistro - Pizza&Pasta,from 10.00,100 - 110 min.,4.9
Bratislava,BAD BOYZ Kitchen,from 5.00,40 - 50 min.,4.5
Bratislava,A Pho vietnamské bistro,from 5.00,40 - 50 min.,4.3
Bratislava,Jarovský dvor,from 5.99,85 - 95 min.,4.8
Bratislava,Pizzeria Búdková,from 6.00,55 - 65 min.,4.7
Bratislava,Čínska reštaurácia Shanghai,from 10.00,40 - 50 min.,4.6
Bratislava,Bakchus Vila,from 5.00,55 - 65 min.,4.8
Bratislava,Slnko - Čínska reštaurácia,from 5.00,40 - 50 min.,4.3
Bratislava,Sushi Point,from 9.50,55 - 65 min.,4.8
Bratislava,Com Bui Aupark,from 5.00,40 - 50 min.,4.4
Bratislava,Plzeňská Astra,from 5.00,55 - 65 min.,4.5
Bratislava,Bratislavské šišky by Friends,from 5.00,40 - 50 min.,4.6
Bratislava,Bok - Simply Asian,from 5.00,40 - 50 min.,4.3
Bratislava,Regal Burger Avion,from 5.00,40 - 50 min.,4.4
Bratislava,Geisha Sushi Bar,from 10.00,85 - 95 min.,4.7
Bratislava,Pizza Colorata,from 4.50,70 - 80 min.,4.8
Bratislava,Dosa&Samosa,from 5.00,40 - 50 min.,4.5
Bratislava,Burgr jako kráva Bratislava,from 5.00,85 - 95 min.,4.7
Bratislava,Bistro Suvlaki,from 8.00,85 - 95 min.,4.7
Bratislava,La Familia,from 5.00,100 - 110 min.,4.8
Bratislava,Hanoi Garden Nobelova,from 7.50,85 - 95 min.,4.8
Bratislava,LOTUS vietnamské bistro,from 12.00,115 - 125 min.,4.6
Bratislava,Los Amigos Pizzeria,from 5.00,115 - 125 min.,4.7
Bratislava,Black Rose Pizza - Restaurant,from 6.50,40 - 50 min.,4.5
Bratislava,Divoká Kačka,from 5.00,40 - 50 min.,4.7
Bratislava,MC. KEBAB,from 5.00,35 - 45 min.,5
Bratislava,Reštaurácia Dominika,from 5.00,40 - 50 min.,4.6
Bratislava,Sushi Time,from 6.00,53 - 63 min.,4.4
Bratislava,Tasty&Fresh,from 5.00,35 - 45 min.,3.5
Bratislava,Konn Coffee&Food bar Černyševského,from 8.00,85 - 95 min.,4.7
Bratislava,La VELA seafood restaurant & pizzeria,from 5.00,40 - 50 min.,3.8
Bratislava,Pizza Mizza Twin City,from 5.00,85 - 95 min.,4.4
Bratislava,Naj Menu,from 6.00,115 - 125 min.,4.6
Bratislava,Pizza Mizza - Nepizzuj Podunajské Biskupice,from 5.00,70 - 80 min.,4.7
Bratislava,Pizzeria Lucky,from 5.00,115 - 125 min.,4.7
Bratislava,Petržalská Furmanka,from 4.00,70 - 80 min.,4.6
Bratislava,Roso Sushi,from 5.00,55 - 65 min.,5
Bratislava,U Kmotra,from 6.00,40 - 50 min.,4.7
Bratislava,Reštaurácia Pruk,from 5.00,115 - 125 min.,4.7
Bratislava,Krídelkovo,from 5.50,100 - 110 min.,4.8
Bratislava,Nová Hviezda,from 5.00,55 - 65 min.,4.6
Bratislava,Familia Beer&Restaurant,from 15.00,100 - 110 min.,4.5
Bratislava,U Samira Pizza & Kebab,from 3.00,55 - 65 min.,4.5
Bratislava,Haki Kebap & Pizza,from 10.00,70 - 80 min.,4.6
Bratislava,Stará mama,from 5.00,100 - 110 min.,4.4
Bratislava,Chillout restaurant,from 4.50,70 - 80 min.,4.9
Bratislava,Koliba Palace,from 4.90,85 - 95 min.,4.6
Bratislava,Jedna báseň,from 5.00,40 - 50 min.,4.6
Bratislava,Nivara - indická reštaurácia,from 5.00,40 - 50 min.,4
Bratislava,Csarda Stupava,from 20.00,55 - 65 min.,4.9
Bratislava,Subway Eurovea,from 5.00,40 - 50 min.,4.4
Bratislava,Chick n'Cheese,from 5.00,40 - 50 min.,4.4
Bratislava,Regal Burger Bory Mall,from 5.00,40 - 50 min.,4.5
Bratislava,Reštaurácia Čajka,from 5.50,40 - 50 min.,3.8
Bratislava,Hostinec na Šanci,from 5.00,70 - 80 min.,4.8
Bratislava,Pizzeria Rotunda,from 6.40,55 - 65 min.,4.5
Bratislava,Quan Food,from 6.00,55 - 65 min.,4.5
Bratislava,Lozano Pizzeria,from 5.00,40 - 50 min.,4.5
Bratislava,Boss Burgers,from 5.00,70 - 80 min.,4.4
Bratislava,Pizzeria Corleone,from 5.00,100 - 110 min.,4.5
Bratislava,Side Kebab,from 6.00,55 - 65 min.,4.5
Bratislava,Jump Street,from 5.00,35 - 45 min.,4.5
Bratislava,LA Garnacha Bory Mall,from 5.00,40 - 50 min.,4.6
Bratislava,Princ burger,from 7.00,70 - 80 min.,4.6
Bratislava,Cubicon Furmanka,from 4.00,70 - 80 min.,4.5
Bratislava,Kramárska Tankovňa,from 5.20,100 - 110 min.,4.6
Bratislava,Bella Napoli Košická,from 5.00,40 - 50 min.,4.5
Bratislava,Chilli pub & Pizza,from 5.00,40 - 50 min.,4.6
Bratislava,U zlatého orla,from 12.00,85 - 95 min.,4.9
Bratislava,Libero drevenica,from 5.00,40 - 50 min.,4.6
Bratislava,Pizza Hut Avion,from 5.00,40 - 50 min.,3.9
Bratislava,Grilko Stupava,from 10.00,40 - 50 min.,4.7
Bratislava,Hanoi Garden Stará Vajnorská,from 6.50,85 - 95 min.,4.7
Bratislava,Primo Amore,from 5.00,40 - 50 min.,4.2
Bratislava,Chutney indická reštaurácia,from 5.00,40 - 50 min.,4.2
Bratislava,Bezlepkový svet,from 7.60,55 - 65 min.,4.5
Bratislava,ORIM Restaurant,from 7.00,70 - 80 min.,4.7
Bratislava,Express Pizza Kebab Vajnory,from 6.00,55 - 65 min.,4.5
Bratislava,Kráľovská piváreň,from 4.50,100 - 110 min.,4.3
Bratislava,Dastef Streetfood,from 5.00,70 - 80 min.,4.8
Bratislava,Made With Laf #2 - Vegánske Bistro,from 5.00,40 - 50 min.,4.9
Bratislava,Red Chilly Indian Restaurant,from 5.00,40 - 50 min.,4.7
Bratislava,Pizza Erik,from 18.00,92 - 102 min.,4.3
Bratislava,Pepe Nero Pizzeria,from 10.80,40 - 50 min.,4.4
Bratislava,FOODSTOCK Trnavské mýto,from 5.00,40 - 50 min.,4.7
Bratislava,TOTO pizza & grill,from 5.00,40 - 50 min.,3.5
Bratislava,Pizzeria California,from 6.00,85 - 95 min.,4.6
Bratislava,Sole Grill,from 5.00,40 - 50 min.,3.9
Bratislava,Ram's,from 5.00,40 - 50 min.,4.8
Bratislava,Bun Bo Nam Bo,from 5.00,40 - 50 min.,4.6
Bratislava,Haki Exclusive kebab&pizza,from 15.00,70 - 80 min.,4.6
Bratislava,Lombardiho burger,from 6.00,70 - 80 min.,4.6
Bratislava,Koliba Eurovea,from 4.90,85 - 95 min.,4.4
Bratislava,Giovanni burger a pizza Pirko Kramáre,from 5.00,55 - 65 min.,4.6
Bratislava,Hai Phong Quán Stará Vajnorská BA,from 7.50,85 - 95 min.,4.6
Bratislava,Pizza Burger,from 5.00,55 - 65 min.,4.6
Bratislava,Pizza Hut Aupark,from 5.00,40 - 50 min.,4.4
Bratislava,Reštaurácia Saratov,from 5.00,115 - 125 min.,4.6
Bratislava,Restaurant Sushi Bar Tokyo,from 5.00,40 - 50 min.,4.4
Bratislava,Bearded Brothers Petržalka,from 5.00,40 - 50 min.,4.3
Bratislava,Pizza Long Pizza&Grill,from 5.00,40 - 50 min.,4.4
Bratislava,Com Bui Miletičova,from 5.00,40 - 50 min.,4.5
Bratislava,Ja Somáru,from 5.00,115 - 125 min.,4.7
Bratislava,Kolkovna Eurovea,from 5.00,40 - 50 min.,4.4
Bratislava,Bubble Waffle Bratislava - The Street Life,from 5.00,70 - 80 min.,4.9
Bratislava,Pizza Pruk,from 5.00,115 - 125 min.,4.4
Bratislava,Pizza Chip Mierová,from 3.90,40 - 50 min.,4.7
Bratislava,PIZZA - RESTAURANT Rendez PUB,from 5.00,115 - 125 min.,4.7
Bratislava,Hanoi Garden JURKI,from 8.00,70 - 80 min.,4.7
Bratislava,Arya kebab & pizza,from 5.00,35 - 45 min.,4.3
Bratislava,Frango,from 5.00,40 - 50 min.,3.7
Bratislava,Shana burgers,from 5.00,40 - 50 min.,3.3
Bratislava,Hanoi Garden Petržalka,from 6.50,115 - 125 min.,4.5
Bratislava,Express Pizza kebab,from 6.00,85 - 95 min.,4.3
Bratislava,Dúbravská Piváreň 2,from 5.00,100 - 110 min.,4.4
Bratislava,Konn Coffee & Food Bar Slnečnice,from 8.00,85 - 95 min.,4.7
Bratislava,Punjabi Dhaba Šancová,from 5.00,45 - 55 min.,4.7
Bratislava,Trojka bistro,from 5.00,40 - 50 min.,4.9
Bratislava,Com Viet,from 5.00,40 - 50 min.,4.2
Bratislava,Grill House Pinbal,from 8.00,55 - 65 min.,4.5
Bratislava,Giuseppe pizza,from 5.50,70 - 80 min.,4.5
Bratislava,Ben & Jerry´s a Magnum Nové Mesto,from 5.00,40 - 50 min.,5
Bratislava,Pizza Italiano Bistro,from 5.00,40 - 50 min.,4.4
Bratislava,Prievozská piváreň,from 5.00,40 - 50 min.,4.6
Bratislava,Kym kym chutné,from 5.00,40 - 50 min.,4.3
Bratislava,Reštaurácia 44,from 5.00,40 - 50 min.,3.7
Bratislava,Subway Avion,from 5.00,40 - 50 min.,3.9
Bratislava,BBQ GRIL,from 5.00,40 - 50 min.,5
Bratislava,Bistro Lokál UNAS,from 5.00,40 - 50 min.,4.2
Bratislava,Furmanka Čunovo,from 4.00,100 - 110 min.,4.5
Bratislava,Pizza Hamm,from 5.00,85 - 95 min.,4.7
Bratislava,Lunapark,from 4.50,85 - 95 min.,4.2
Bratislava,Kaisushi&Fushion bar,from 5.00,40 - 50 min.,4.8
Bratislava,Restaurant & Pizza VILLA IVICA,from 8.00,70 - 80 min.,4.6
Bratislava,Pizzeria San Vincenzo,from 5.00,40 - 50 min.,4.1
Bratislava,Kebab Metro,from 0.00,55 - 65 min.,4.5
Bratislava,U Bosorky,from 6.00,55 - 65 min.,4.7
Bratislava,Rice and Roll,from 5.00,40 - 50 min.,4.2
Bratislava,PIZZERIA KAMENICA PUB,from 5.00,85 - 95 min.,4.1
Bratislava,Kebab pizza bistro,from 5.00,40 - 50 min.,4.3
Bratislava,MOST - z mosta do prosta,from 4.50,85 - 95 min.,4.8
Bratislava,Rooftop by Regal,from 5.00,40 - 50 min.,4.4
Bratislava,Vietnam Food,from 6.00,70 - 80 min.,4.5
Bratislava,Saigon Bistro,from 5.00,40 - 50 min.,4.5
Bratislava,Pizzeria Saranda,from 5.00,40 - 50 min.,4.7
Bratislava,Kebab Nivy and Grill,from 8.00,115 - 125 min.,4.3
Bratislava,Pizza Mizza - Nepizzuj Petržalka,from 5.00,70 - 80 min.,4.1
Bratislava,Kvetinárstvo - rozvoz kvetov,from 20.00,115 - 125 min.,5
Bratislava,Česká pivnica,from 5.00,40 - 50 min.,4.4
Bratislava,Kerala South Indian Cuisine,from 5.00,40 - 50 min.,4.6
Bratislava,Petržalský dvor,from 4.00,100 - 110 min.,4.1
Bratislava,Kebab Nivy,from 8.00,115 - 125 min.,4.1
Bratislava,Side Kebab Košická,from 5.00,40 - 50 min.,3.7
Bratislava,Mayday pizza,from 5.99,70 - 80 min.,4.7
Bratislava,Pivárnička,from 5.00,40 - 50 min.,4.6
Bratislava,Dunajský pivovar,from 5.00,40 - 50 min.,4.6
Bratislava,La Siesta,from 5.00,40 - 50 min.,4.5
Bratislava,One food vietnamské bistro,from 5.00,40 - 50 min.,4.3
Bratislava,Food Shoot Hot dog,from 5.00,40 - 50 min.,4.4
Bratislava,Dulger,from 5.00,40 - 50 min.,4.7
Bratislava,Dúbravská Piváreň,from 5.00,100 - 110 min.,4
Bratislava,Pruk Grill bar,from 10.00,115 - 125 min.,4.7
Bratislava,Pizzi - Zi,from 3.90,40 - 50 min.,4.4
Bratislava,Nervosa restaurant,from 5.00,35 - 45 min.,4.2
Bratislava,Mango Asian Food,from 5.00,40 - 50 min.,4.6
Bratislava,Konar Pizza Kebab,from 5.00,40 - 50 min.,4.3
Bratislava,Laser pizza,from 5.90,55 - 65 min.,
Bratislava,Franchise No.1,from 5.00,54 - 64 min.,
Bratislava,Slovanská piváreň,from 4.50,100 - 110 min.,4.1
Bratislava,Fresh BBQ Central,from 5.00,40 - 50 min.,4.8
Bratislava,Petržalská Furmanka nočná,from 4.00,100 - 110 min.,3.6
Bratislava,Šalátik,from 5.00,40 - 50 min.,4.2
Bratislava,Ben & Jerry´s a Magnum Petržalka,from 6.00,70 - 80 min.,4.8
Bratislava,Batao,from 5.00,40 - 50 min.,4.6
Bratislava,Balkánske,from 5.00,40 - 50 min.,4.2
Bratislava,Chocolate Patrik,from 5.00,--,4.4
Bratislava,Geisha Fishmarket,from 14.50,--,
Bratislava,Babičkina záhrada,from 0.00,--,4.3
Bratislava,Happy Day Catering,from 20.00,--,5
Bratislava,Nobell - Craft Beer,from 4.90,--,4.3
Bratislava,Melóny SK,from 14.00,--,3
Bratislava,Drinks Go,from 7.50,40 - 50 min.,5
Bratislava,Pijeme,from 7.50,55 - 65 min.,5
Bratislava,Beer Store,from 5.00,40 - 50 min.,5
Bratislava,DOVOZ NÁPOJOV.sk,from 10.00,62 - 72 min.,4.6
Bratislava,Do dna,from 10.00,--,
Bratislava,Le Papillon restaurant,from 5.00,40 - 50 min.,4.8
Bratislava,Olive You,from 5.00,40 - 50 min.,4.8
Bratislava,Pizza della Zola,from 6.00,55 - 65 min.,4.8
Bratislava,Papanica u Zuzky,from 10.00,--,5
Bratislava,Bistro Modrá Koliba,from 4.50,--,3.7
Bratislava,PIZZA FRESH & DRINKS,from 6.50,55 - 65 min.,4.6
Bratislava,YessPizza,from 6.50,55 - 65 min.,4.9
Bratislava,Pizza Euro nočná,from 4.90,40 - 50 min.,4.4
Bratislava,Domased,from 5.00,40 - 50 min.,5
Bratislava,Pizza Burger Euro v noci,from 4.90,40 - 50 min.,4.8
Bratislava,Pizza Bratislava,from 6.00,40 - 50 min.,4.6
Bratislava,Night chicken,from 4.90,40 - 50 min.,4.4
Bratislava,Pizza Economy,from 4.90,40 - 50 min.,4.5
Bratislava,AM Delivery,from 4.90,40 - 50 min.,4.6
Bratislava,Bigger Snack World,from 15.00,--,4.4
Bratislava,Pizza Mňam v noci,from 5.90,55 - 65 min.,4.6
Bratislava,Nažersavnoci,from 5.00,55 - 65 min.,4.5
Bratislava,Hotel Agátka,from 4.50,115 - 125 min.,4.4
Bratislava,Pressburger Puffer Bistro,from 7.00,70 - 80 min.,4.8
Bratislava,Halushka - prešporská kuchyňa,from 5.00,40 - 50 min.,4.7
Bratislava,Asta Pasta - čerstvo vyrábané cestoviny,from 5.00,40 - 50 min.,4.6
Bratislava,Šenk Sport Pub,from 5.00,40 - 50 min.,4.8
Bratislava,Nomad Freshmarket,from 5.00,40 - 50 min.,3.3
Bratislava,DJAZZ Falafel cafe Hurbanova,from 5.00,40 - 50 min.,3.5
Bratislava,Hummus and Couscous bar Freshmarket,from 5.00,40 - 50 min.,4.6
Bratislava,Živa planéta,from 5.00,40 - 50 min.,4.7
Bratislava,Rotoska,from 8.00,55 - 65 min.,4.5
Bratislava,Reštaurácia Sandberg,from 5.00,55 - 65 min.,4.9
Bratislava,DJAZZ Falafel cafe Miletičova,from 5.00,40 - 50 min.,4.8
Bratislava,Euphoria Daily,from 30.00,,
Bratislava,Pressoburg,from 40.00,,
Bratislava,Punk Kitchinn,from 5.00,40 - 50 min.,4.2
Bratislava,King Kebap,from 8.00,70 - 80 min.,4.8
Bratislava,Pizzeria Roberto,from 8.00,55 - 65 min.,4.4
Bratislava,pizzajacket & burgers,from 5.00,55 - 65 min.,4.8
Bratislava,Boston Drive,from 4.70,62 - 72 min.,4.8
Bratislava,City Vegetarian,from 10.00,115 - 125 min.,5
Bratislava,Ankara Kebap & Pizza,from 8.00,55 - 65 min.,4.9
Bratislava,Azza - Raw a Vegan torty,from 18.00,,5
Bratislava,Góvinda,from 5.00,40 - 50 min.,4.5
Bratislava,Menu u Jeleňa,from 11.00,55 - 65 min.,4.7
Bratislava,Penzión Jarka,from 4.10,55 - 65 min.,4.8
Bratislava,Nueva Via Cakes,from 10.00,115 - 125 min.,5
Bratislava,Olive Tree,from 5.00,40 - 50 min.,4.6
Bratislava,Reštaurácia Brix,from 5.00,40 - 50 min.,4.5
Bratislava,Clickfood,from 6.00,85 - 95 min.,4.7
Bratislava,Clickfood - denné menu,from 5.90,85 - 95 min.,4.9
Bratislava,Clickfood Goodmorning,from 6.00,55 - 65 min.,4.9
Bratislava,Gurmán servis Aircraft,from 8.00,100 - 110 min.,4.2
Bratislava,Monastik,from 5.20,100 - 110 min.,4.6
Bratislava,Fugu Sushi,from 5.00,40 - 50 min.,4.7
Bratislava,Stenly's,from 5.00,100 - 110 min.,5
Bratislava,Pizzeria Runa,from 8.00,55 - 65 min.,4.8
Bratislava,Jedáleň Stravex,from 5.00,40 - 50 min.,4.4
Bratislava,Opportune reštaurácia,from 5.00,70 - 80 min.,4.9
Bratislava,Opportune torty,from 5.00,10 - 20 min.,5
Bratislava,Reštaurácia Peking,from 10.00,55 - 65 min.,4.8
Bratislava,Restaurant Peking Trnavská,from 5.00,40 - 50 min.,4.6
Bratislava,Sushi Osama,from 5.00,40 - 50 min.,4.7
Bratislava,Subway Radlinského,from 5.00,35 - 45 min.,4.5
Bratislava,Kebab Bajkalská,from 5.00,40 - 50 min.,4.7
Bratislava,Estévéčka,from 5.00,40 - 50 min.,4.3
Bratislava,Nostalgia café&restaurant,from 11.00,70 - 80 min.,4.9
Bratislava,Jedna báseň denné menu,from 11.00,55 - 65 min.,3.9
Bratislava,Milton Cafe&Restaurant,from 5.00,40 - 50 min.,4.9
Bratislava,Chuťovka,from 5.00,40 - 50 min.,4.6
Bratislava,Veglife,from 5.00,40 - 50 min.,4.7
Bratislava,Reštaurácia Tenis Club,from 10.00,70 - 80 min.,4.9
Bratislava,Will Salas - zdravé stravovanie,from 5.00,40 - 50 min.,4.6
Bratislava,Food House Lamač,from 5.00,40 - 50 min.,4.9
Bratislava,Alko# nealko,#VALUE!,from 1.29 €,--
Bratislava,Maa Paa,from 5.00,35 - 45 min.,5
Bratislava,Jedna Báseň Ružinov,from 11.00,85 - 95 min.,4.8
Bratislava,Foodstock príves pred Istropolisom,from 5.00,40 - 50 min.,5
Bratislava,Bistro Laura,from 4.90,70 - 80 min.,4.8
Bratislava,U sedliaka,from 5.00,40 - 50 min.,4.2
Bratislava,Charlie pizza & denné menu,from 5.00,40 - 50 min.,4.1
Bratislava,Huong Viet,from 6.00,--,
Bratislava,Oliva Pizza Kebab Restaurant,from 5.00,40 - 50 min.,4.7
Bratislava,Pret a Porter,from 5.00,40 - 50 min.,4.3
Bratislava,Feriba Craft Beer Pub,from 5.00,40 - 50 min.,
Bratislava,Pub u Michaely,from 5.00,40 - 50 min.,4.5
Bratislava,Yummy Vrakuňa,from 7.00,55 - 65 min.,4.7
Bratislava,Čert a Káča - Dobré jedlo na Kolibe,from 5.00,115 - 125 min.,4.5
Bratislava,Reštaurácia Zlatá Lipa II,from 4.00,55 - 65 min.,4.8
Bratislava,Fantastico Bratislavské rožky,from 5.00,40 - 50 min.,5
Bratislava,Kramerberg Grill,from 5.00,40 - 50 min.,4.8
Bratislava,Asterix restaurant,from 5.00,55 - 65 min.,4.5
Bratislava,SOUPA,from 8.00,115 - 125 min.,4.8
Bratislava,Nomad Zuckermandel,from 5.00,40 - 50 min.,2
Bratislava,Rusovský penzión,from 5.00,55 - 65 min.,4.9
Bratislava,The Grill Eurovea,from 5.00,40 - 50 min.,5
Bratislava,MoshiMoshi,from 5.00,45 - 55 min.,4.9
Bratislava,Jump street fit,from 5.00,40 - 50 min.,5
Bratislava,Santafe Avion,from 5.00,40 - 50 min.,3.9
Bratislava,Santafe Vivo,from 5.00,40 - 50 min.,5
Bratislava,Maranello ristorante,from 7.00,70 - 80 min.,4.4
Bratislava,Me Eat Bistro,from 5.40,55 - 65 min.,4.7
Bratislava,Rovinkáreň,from 12.00,--,4.6
Bratislava,Véda vegetarian&vegan,from 5.00,40 - 50 min.,4.5
Bratislava,Cubes,from 5.00,40 - 50 min.,
Bratislava,U Baby Jagy,from 5.00,85 - 95 min.,4.7
Bratislava,ARMA pizza,from 4.99,--,4.8
Bratislava,Pizza Pazza Vienna Gate,from 5.00,40 - 50 min.,4.4
Bratislava,Langoše pod lipou,from 5.00,35 - 45 min.,4
Bratislava,Saigon bistro Slovnaft,from 5.00,40 - 50 min.,4.8
Bratislava,Ako od babičky,from 11.97,115 - 125 min.,4.6
Bratislava,Reštaurácia RB79,from 4.50,100 - 110 min.,4.8
Bratislava,Fantasy Pizza,from 0.00,85 - 95 min.,4.8
Bratislava,Pizza&Burger InterSporthotel,from 5.00,40 - 50 min.,4.5
Bratislava,Prima Gastro,from 4.50,115 - 125 min.,4.8
Bratislava,Ben & Jerry´s a Magnum Karlova ves,from 5.00,40 - 50 min.,5
Bratislava,Krumpla,from 5.00,40 - 50 min.,4.8
Bratislava,Babičkine dobroty,from 5.00,40 - 50 min.,4.6
Bratislava,Menuland Cloud Kitchen,from 4.99,85 - 95 min.,4.4
Bratislava,Gurmánsky dvor u Oravca,from 5.00,40 - 50 min.,4.4
Bratislava,Mc. food&coffee,from 5.00,40 - 50 min.,
Bratislava,Nad Jazerom,from 15.00,55 - 65 min.,4.3
Bratislava,Reštaurácia Bioland,from 5.00,115 - 125 min.,4.8
Bratislava,Pohamka,from 4.90,40 - 50 min.,4.8
Bratislava,Foodoo Špitálska,from 5.00,40 - 50 min.,4.3
Bratislava,Foodoo 2 Miletičova,from 5.00,40 - 50 min.,4.4
Bratislava,Don Saro Cucina Siciliana,from 10.40,40 - 50 min.,4.9
Bratislava,Hummusbar,from 5.00,35 - 45 min.,4.6
Bratislava,Gastro House,from 10.00,55 - 65 min.,4.9
Bratislava,Hummus and Couscous bar Avion,from 5.00,40 - 50 min.,4.3
Bratislava,Keška - Geocaching Shop&Cafe,from 3.90,--,5
Bratislava,Bella Vita,from 5.00,40 - 50 min.,3
Bratislava,Eden Restaurant,from 6.50,--,5
Bratislava,Indická reštaurácia Maharadža,from 5.00,45 - 55 min.,4.5
Bratislava,Pipi Bibi Gril,from 6.50,--,4.7
Bratislava,Mamut pub,from 5.00,40 - 50 min.,4.8
Bratislava,Subway OC Central,from 5.00,40 - 50 min.,4.4
Bratislava,The Farmhouse,from 11.00,--,3.9
Bratislava,Bagetka & Langoše u Julky,from 5.00,--,4.4
Bratislava,Rebrá,from 10.00,--,4.8
Bratislava,Subway Vivo,from 5.00,40 - 50 min.,4.2
Bratislava,Frank's super salads,from 5.00,35 - 45 min.,4.5
Bratislava,Chicken Grill Club,from 5.00,40 - 50 min.,5
Bratislava,Umelka reštaurácia,from 5.00,35 - 45 min.,4.4
Bratislava,Hanoi Garden Food Court Vajnoria,from 7.00,70 - 80 min.,4.6
Bratislava,Reštaurácia TROJKA,from 5.00,40 - 50 min.,4.9
Bratislava,Santafe Retro Prior,from 5.00,40 - 50 min.,
Bratislava,Asian food ázijské bistro,from 5.00,40 - 50 min.,4.5
Bratislava,Srdcovka Urban pub,from 5.00,40 - 50 min.,4.6
Bratislava,Carisimo reštaurácia,from 4.99,55 - 65 min.,4.7
Bratislava,Občerstvenie Konečná,from 8.50,100 - 110 min.,4
Bratislava,Humar Kebab,from 5.00,40 - 50 min.,4.3
Bratislava,Jiang Nan-Shi Fu,from 6.50,--,3.6
Bratislava,Pizza John's,from 5.00,55 - 65 min.,4.6
Bratislava,John's Burger,from 5.00,62 - 72 min.,4.1
Bratislava,Banh-mi-ba Petržalka,from 5.00,40 - 50 min.,
Bratislava,Langoše Pizza Zoška,from 6.00,40 - 50 min.,4.8
Bratislava,Skytina restaurant,from 5.00,40 - 50 min.,
Bratislava,Perzská reštaurácia,from 7.50,55 - 65 min.,4.8
Bratislava,Master Burger,from 7.50,55 - 65 min.,4.7
Bratislava,Jasmin Al Shaam - arabská reštaurácia,from 5.00,35 - 45 min.,3.9
Bratislava,Queen Wings,from 5.00,40 - 50 min.,4.7
Bratislava,Queen Ribs,from 5.00,40 - 50 min.,4.6
Bratislava,Viet Home,from 6.50,70 - 80 min.,5
Bratislava,Bistro Malinovo,from 10.00,55 - 65 min.,4.7
Košice,Bistro Park,from 5.00,40 - 50 min.,4.4
Košice,Bistro Babička,from 5.00,40 - 50 min.,4.7
Košice,Pizza Stazione,from 5.00,55 - 65 min.,4.3
Košice,Kebabizňa KE,from 7.77,55 - 65 min.,4.5
Košice,Pizza Borsalino Kováčska,from 0.00,85 - 95 min.,4.5
Košice,Pub u Kohúta,from 5.00,40 - 50 min.,5
Košice,Pho Viet,from 5.00,40 - 50 min.,4.9
Košice,Salad Box,from 5.00,40 - 50 min.,4.8
Košice,Hanoi Garden Košice,from 5.00,40 - 50 min.,4.8
Košice,Precise Kantína,from 5.00,40 - 50 min.,4.7
Košice,Chilai,from 5.00,40 - 50 min.,4.8
Košice,Reštaurácia Vincent,from 5.00,40 - 50 min.,4.7
Košice,La Donuteria,from 8.00,40 - 50 min.,4.9
Košice,Pho Yo,from 5.00,40 - 50 min.,4.8
Košice,Mr. KEBAB,from 5.00,40 - 50 min.,4.5
Košice,Pán Ryba,from 5.00,40 - 50 min.,4.5
Košice,Batao OC Galéria,from 5.00,40 - 50 min.,4.8
Košice,GERONIMO Restaurant OC Optima,from 5.00,40 - 50 min.,4.9
Košice,Bamboo sushi&grill,from 5.00,40 - 50 min.,4.8
Košice,Burrito,from 6.00,25 - 35 min.,4.9
Košice,Reštaurácia Jaskyňa pizzéria&caffé,from 5.00,40 - 50 min.,4.7
Košice,Med Malina,from 5.00,40 - 50 min.,4.6
Košice,Schnitzel Fast Food,from 5.00,40 - 50 min.,4.5
Košice,Mishte Sandwich,from 6.00,55 - 65 min.,4.9
Košice,BAYER RESTAURANT (bayerova sladovna),from 5.00,40 - 50 min.,4.7
Košice,Taj Mahal,from 5.00,40 - 50 min.,4.8
Košice,Pizzujeme,from 4.99,70 - 80 min.,5
Košice,Bistro Babička,from 5.00,40 - 50 min.,4.7
Košice,Pizzeria Bellissimo,from 4.50,55 - 65 min.,4.9
Košice,Dirty Burger,from 6.00,55 - 65 min.,4.8
Košice,Koshi Sushi,from 5.00,65 - 75 min.,4.8
Košice,Hamburger pod kockou,from 5.00,40 - 50 min.,4.8
Košice,Bulli Kebab,from 5.00,70 - 80 min.,4.8
Košice,TASTY PARK Košice,from 6.00,85 - 95 min.,4.9
Košice,MFK reštaurácia,from 10.00,40 - 50 min.,4.9
Košice,Bowling Spot,from 5.00,40 - 50 min.,4.7
Košice,Pizza Lagonda,from 4.00,40 - 50 min.,4.8
Košice,Ikigai,from 5.00,40 - 50 min.,4.8
Košice,Reštaurácia 3-ka,from 5.00,55 - 65 min.,4.7
Košice,Pizza Borsalino,from 5.00,55 - 65 min.,4.8
Košice,Cinnamon Dream Bakery,from 5.00,40 - 50 min.,4.6
Košice,Geronimo Express,from 5.00,40 - 50 min.,4.7
Košice,Pizza bistro Zazza,from 7.00,40 - 50 min.,4.8
Košice,Soupculture Košice,from 5.00,40 - 50 min.,5
Košice,MANNO,from 6.00,55 - 65 min.,4.9
Košice,Bodva Pizza Pub,from 5.00,55 - 65 min.,5
Košice,Sedliacky dvor,from 5.00,40 - 50 min.,4.7
Košice,Haluškáreň,from 5.00,40 - 50 min.,4.7
Košice,Staromestská piváreň,from 5.00,40 - 50 min.,4.5
Košice,Mango reštaurácia sushi&bar,from 5.00,40 - 50 min.,4.7
Košice,Vega heaven vegan restaurant,from 5.00,40 - 50 min.,4.6
Košice,Hlavná 100,from 5.00,40 - 50 min.,4.4
Košice,Bistro pizza Včielka,from 4.90,40 - 50 min.,4.9
Košice,Krčma Letná,from 5.00,40 - 50 min.,4.8
Košice,Little India,from 7.00,100 - 110 min.,4.9
Košice,Viet Bistro,from 5.00,40 - 50 min.,4.6
Košice,Pizza Domček,from 5.00,55 - 65 min.,4.8
Košice,Kaveja & Bubble waffle,from 6.00,70 - 80 min.,4.9
Košice,Mango Komenského,from 5.00,40 - 50 min.,4.6
Košice,Modena,from 5.00,40 - 50 min.,4.7
Košice,U Seburgiho,from 5.00,40 - 50 min.,4.4
Košice,Kebab Food Stop,from 5.00,70 - 80 min.,4.8
Košice,Say Pizza,from 4.99,85 - 95 min.,4.6
Košice,Rosto Steak House,from 5.00,40 - 50 min.,4.7
Košice,Galimar,from 5.00,85 - 95 min.,4.8
Košice,Andiamo pizza,from 5.00,40 - 50 min.,4.5
Košice,Kuchyňa,from 5.00,100 - 110 min.,4.8
Košice,Pizza Palace,from 9.00,100 - 110 min.,4.9
Košice,Seven Pub,from 6.00,55 - 65 min.,4.7
Košice,Smile street food,from 5.00,40 - 50 min.,4.5
Košice,DINER Košice,from 5.00,40 - 50 min.,4.7
Košice,Domček Ťahanovce,from 4.50,40 - 50 min.,4.8
Košice,Olympia Pizzeria,from 5.00,115 - 125 min.,4.9
Košice,Zdravá pizza,from 0.00,100 - 110 min.,4.7
Košice,Vietnamská reštaurácia Hot Food,from 5.00,40 - 50 min.,4.8
Košice,Red Velvet Cakes,from 5.00,40 - 50 min.,4.7
Košice,Pivovar Hostinec,from 5.00,40 - 50 min.,4.6
Košice,Bagetka,from 5.00,40 - 50 min.,4.7
Košice,Pitas Greek Food,from 5.00,40 - 50 min.,4.4
Košice,Baránok reštaurácia,from 5.00,40 - 50 min.,4.3
Košice,Reggae pizza,from 5.00,70 - 80 min.,4.6
Košice,ORIGINÁL burger Mestský park,from 7.90,85 - 95 min.,4.6
Košice,Burger King Košice Aupark,from 8.00,40 - 50 min.,4.2
Košice,Republika Východu,from 5.00,40 - 50 min.,4.4
Košice,Fryday,from 5.00,30 - 40 min.,4.7
Košice,The PUNJAB INDIAN RESTAURANT,from 5.00,40 - 50 min.,4.6
Košice,Kvadrat Sushi&Pizza,from 80.00,70 - 80 min.,4.8
Košice,Penzion Set,from 5.00,40 - 50 min.,4.5
Košice,Naša pizzerka,from 4.50,55 - 65 min.,4.8
Košice,Pizza TuSi - KVP,from 5.00,100 - 110 min.,4.7
Košice,Rezeň box,from 5.00,40 - 50 min.,4.7
Košice,Pizza Bella,from 5.70,55 - 65 min.,4.7
Košice,Euphoria,from 5.00,40 - 50 min.,4.3
Košice,Santa Lucia,from 5.00,40 - 50 min.,4.6
Košice,FRESCO,from 5.00,40 - 50 min.,4.4
Košice,Pizzalino Košice,from 6.00,55 - 65 min.,4.7
Košice,Bistro Park,from 5.00,40 - 50 min.,4.4
Košice,Kebab Haus,from 5.00,70 - 80 min.,4.6
Košice,XXL Burger,from 6.00,85 - 95 min.,4.7
Košice,Pilsner Urquell Pub,from 5.00,40 - 50 min.,4.2
Košice,Camelot,from 5.00,40 - 50 min.,4.2
Košice,Subway OC Optima,from 5.00,40 - 50 min.,4.6
Košice,Restaurant Barca,from 5.00,40 - 50 min.,5
Košice,Vietown Bistro,from 5.00,40 - 50 min.,4.5
Košice,Pizzeria Palermo,from 4.20,55 - 65 min.,4.6
Košice,Phai Nham,from 6.00,70 - 80 min.,4.7
Košice,PITI PITI PÁ restaurant OC Optima,from 6.00,85 - 95 min.,4.7
Košice,LOBBY Aupark,from 7.00,85 - 95 min.,4.6
Košice,Pizza South 31,from 5.00,55 - 65 min.,4.8
Košice,Steam Factory,from 5.00,40 - 50 min.,4.8
Košice,Bongiorno HM Tesco,from 5.00,40 - 50 min.,4.6
Košice,Donášková služba Cocobongo,from 3.40,85 - 95 min.,4.7
Košice,Noodler,from 5.00,40 - 50 min.,4.5
Košice,LangošKE,from 5.00,40 - 50 min.,4.5
Košice,Reštaurácia u Katky,from 4.90,115 - 125 min.,4.7
Košice,Čínska reštaurácia Shanghai wok-sushi,from 7.00,70 - 80 min.,4.9
Košice,Bistro Stanica Košice,from 5.00,40 - 50 min.,4.6
Košice,Karczma Mlyn,from 5.00,40 - 50 min.,4.5
Košice,Olive pizza restaurant,from 5.00,40 - 50 min.,3.9
Košice,Big Kebab,from 5.00,40 - 50 min.,3.9
Košice,Yamas Greek food truck,from 5.00,40 - 50 min.,5
Košice,Bistro Big Bowl,from 5.00,40 - 50 min.,4.3
Košice,Bono - donášková služba,from 5.00,55 - 65 min.,4.7
Košice,Staničný pivovar,from 5.00,40 - 50 min.,4.2
Košice,Kebabizňa KE,from 7.77,55 - 65 min.,4.5
Košice,Pizza Borsalino Kováčska,from 0.00,85 - 95 min.,4.5
Košice,Cassovia,from 5.15,70 - 80 min.,4.8
Košice,Cucabamba,from 7.00,115 - 125 min.,4.6
Košice,Nem Bistro,from 5.00,40 - 50 min.,4.4
Košice,Turkish Kebap,from 5.00,40 - 50 min.,4.2
Košice,Pizza Cafe Napoli,from 5.00,40 - 50 min.,4.8
Košice,Pizza Pub,from 4.60,40 - 50 min.,4.4
Košice,Pizza TuSi - Furča,from 4.30,115 - 125 min.,4.5
Košice,Chick'in,from 5.00,40 - 50 min.,4
Košice,The Kurcha,from 5.00,40 - 50 min.,4.5
Košice,Maiko Sushi,from 6.00,70 - 80 min.,4.4
Košice,Pizza Mix-Marion,from 5.00,85 - 95 min.,4.3
Košice,Peppe's,from 5.00,115 - 125 min.,4.6
Košice,Piráti - Pub&restaurant,from 5.00,70 - 80 min.,4.6
Košice,Taumi restaurant,from 5.00,40 - 50 min.,4.7
Košice,Pepe Chicken - Drive,from 6.00,115 - 125 min.,4.3
Košice,SaiGon,from 5.00,75 - 85 min.,4.6
Košice,Quick Bar,from 5.00,55 - 65 min.,4.6
Košice,Čínska reštaurácia Mandarin,from 6.00,100 - 110 min.,4.5
Košice,FatAss Burger,from 5.00,40 - 50 min.,4.6
Košice,Pizza Borsalino,from 6.00,55 - 65 min.,4.7
Košice,Stazione menu,from 4.50,55 - 65 min.,4.4
Košice,Coffeeshop Company,from 5.00,40 - 50 min.,4.5
Košice,La Hacienda Restaurant&Bar,from 5.00,40 - 50 min.,4.3
Košice,Friends pizza&restaurant,from 5.00,40 - 50 min.,4.4
Košice,Blue Bell piváreň,from 5.00,40 - 50 min.,4.5
Košice,Sunny Food,from 5.00,40 - 50 min.,4.3
Košice,U otca,from 5.00,70 - 80 min.,4.4
Košice,Ohnisko Fire Dining&Brew Bar,from 5.00,40 - 50 min.,2.7
Košice,Pizza Club u Šeba,from 13.00,85 - 95 min.,4.6
Košice,Reštaurácia Kleopatra,from 5.00,40 - 50 min.,4.5
Košice,Pizza Stazione,from 5.00,55 - 65 min.,4.3
Košice,Pizza Aligator,from 6.00,55 - 65 min.,4.5
Košice,Hood Food,from 5.00,40 - 50 min.,4.3
Košice,Malbo Caffe,from 0.00,100 - 110 min.,4.6
Košice,Lahôdky a delikatesy u Katky,from 7.00,115 - 125 min.,4.8
Košice,Pizza Mica,from 4.50,115 - 125 min.,4.2
Košice,Reštaurácia Pod Lipou,from 3.00,115 - 125 min.,4.1
Košice,Regal Burger OC Optima,from 7.00,85 - 95 min.,4.7
Košice,Nico caffe Košice,from 5.00,40 - 50 min.,4.4
Košice,Cool bowling,from 5.00,40 - 50 min.,4
Košice,Borsalino menu,from 0.00,55 - 65 min.,4.6
Košice,KSChicken,from 5.00,40 - 50 min.,3.7
Košice,Lara pizza,from 5.00,55 - 65 min.,4.7
Košice,Mr. Koláčik,from 6.00,115 - 125 min.,4.5
Košice,Bongiorno OC Galéria,from 5.00,115 - 125 min.,4.7
Košice,Aha Cookies & Macarons,from 5.00,40 - 50 min.,4.9
Košice,K vám domov,from 5.00,115 - 125 min.,4.6
Košice,Diskont May Day,from 15.00,55 - 65 min.,4.9
Košice,SHOPA Burger Košice,from 7.90,85 - 95 min.,4.8
Košice,Zmrzlina Ben & Jerry's Košice,from 4.00,55 - 65 min.,4.8
Košice,V budke,from 5.00,40 - 50 min.,
Košice,Pizza Grande,from 4.50,100 - 110 min.,3.9
Košice,Pub u pažravca,from 3.60,100 - 110 min.,3.8
Košice,Donáška Patrik,from 4.00,115 - 125 min.,4
Košice,Slovenský hostinec,from 3.60,115 - 125 min.,4
Košice,Ťuki grill,from 6.00,115 - 125 min.,4.3
Košice,Barbarelo,from 4.50,115 - 125 min.,2.5
Košice,Donáška alkoholu Cucabamba,from 0.00,70 - 80 min.,5
Košice,Chocolate Patrik,from 5.00,--,4.4
Košice,Yummy cakes,from 6.00,--,4.9
Košice,Zdenkina Kuchňa,from 5.00,--,4.9
Košice,Babičkina záhrada,from 0.00,--,4.3
Košice,Chceme piť - alkohol expres,from 10.00,25 - 35 min.,4.9
Košice,Vypime,from 3.00,15 - 25 min.,5
Košice,TuSi Pizza Furča - Alko,from 3.80,107 - 117 min.,4.9
Košice,Alko donáška Mix-Marion,from 10.00,55 - 65 min.,4.7
Košice,Pizzeria Idanka,from 4.00,55 - 65 min.,4.7
Košice,Pizza mr. Will Košice,from 8.50,85 - 95 min.,
Košice,Kolienko,from 5.00,55 - 65 min.,4.5
Košice,Yama,from 5.00,40 - 50 min.,4.6
Košice,Bamba Lina,from 7.00,85 - 95 min.,4.7
Košice,Pizza Italiana,from 5.00,85 - 95 min.,4.9
Košice,Philly Cheesesteak,from 5.00,85 - 95 min.,4.9
Košice,Amici Pizza,from 3.50,70 - 80 min.,4.9
Košice,Kvety Zoya,from 15.00,115 - 125 min.,4.9
Košice,Alvinczyho Dvor,from 4.00,,4.3
Košice,Čierny orol,from 5.00,40 - 50 min.,4.4
Košice,Remeselná pekáreň Régal,from 5.00,55 - 65 min.,4.9
Košice,Rice Košice,from 5.00,40 - 50 min.,4.6
Košice,Bistro U nás doma,from 10.00,,4.9
Košice,Mini restaurant,from 5.00,40 - 50 min.,
Košice,Alte Cafe,from 4.90,55 - 65 min.,4.8
Košice,Proteínové bistro Mr. Will,from 7.00,115 - 125 min.,4.8
Košice,Pizza Maxi Garden,from 5.00,40 - 50 min.,4.4
Košice,Burekas,from 5.00,40 - 50 min.,4.8
Košice,Street caffe&restaurant,from 5.00,40 - 50 min.,4.5
Košice,ReštiKE,from 5.00,40 - 50 min.,4.3
Košice,Kvadrat Menu,from 80.00,70 - 80 min.,4.8
Košice,Košice Hotel****,from 5.00,40 - 50 min.,4.6
Košice,Veterán Pub,from 2.50,115 - 125 min.,4.6
Košice,BistRovás,from 5.00,40 - 50 min.,4.5
Košice,Gumy Bar,from 5.00,40 - 50 min.,4.6
Košice,Stil döner kebap,from 5.00,40 - 50 min.,4.6
Košice,Penzión Plaza,from 5.00,40 - 50 min.,4.6
Košice,U Šejka,from 3.80,115 - 125 min.,4.5
Košice,Mestská pivnica,from 4.50,55 - 65 min.,4.7
Košice,Pizzéria Zvon,from 5.00,40 - 50 min.,4.7
Košice,Myslavský expres,from 4.50,115 - 125 min.,4.8
Košice,dokelu,from 4.00,100 - 110 min.,4.8
Košice,The Bridge - Street and casual food,from 5.00,70 - 80 min.,4.9
Košice,TimeOut restaurant&baby friendly place,from 5.00,40 - 50 min.,4.7
Košice,Babetta KGP,from 5.00,40 - 50 min.,4.9
Košice,Restaurant Capitol,from 5.00,40 - 50 min.,
Košice,Zlatý Dukát,from 5.00,40 - 50 min.,4.9
Košice,Tommy's burger,from 5.00,40 - 50 min.,4
Košice,Montana Steak House,from 5.00,40 - 50 min.,4
Košice,Delhi Dhaba Restaurant,from 5.00,65 - 75 min.,4
Košice,Ketobox,from 3.50,100 - 110 min.,4.9
Košice,Papkáčik,from 3.50,115 - 125 min.,4.3
Košice,Poctivá Pekáreň&Bistro Tofako,from 7.00,55 - 65 min.,4.9
Košice,MastaPasta,from 5.00,,4.8
Košice,Subway Aupark Košice,from 5.00,35 - 45 min.,4
Košice,Grill Corner,from 5.00,40 - 50 min.,4.8
Košice,Vedome vegan bistro,from 5.90,115 - 125 min.,5
Košice,Bistro Rodinka,from 4.90,100 - 110 min.,4.8
Košice,Majto Kebab,from 5.00,40 - 50 min.,4.6
Košice,Lunch Time Cassovar,from 5.00,55 - 65 min.,4.8
Košice,Góvinda,from 5.00,40 - 50 min.,4.6
Košice,Hangama,from 5.00,40 - 50 min.,3
Košice,Amigos,from 5.00,55 - 65 min.,4.6
Košice,Pizza Home,from 5.00,40 - 50 min.,4.4
Košice,ELBI PUB,from 5.00,,4.5
Košice,ELBI PUB - denné menu,from 4.00,,4.7
Košice,Kebab&Pizza ART,from 5.00,,4.9
Košice,Hulla - Matto,from 4.50,,5
Košice,Beach Club,from 5.00,40 - 50 min.,4.2
Košice,Gelato Pizza Fratelli,from 5.00,40 - 50 min.,4.2
Košice,Club ležiaca bosorka,from 6.00,,4.4
Košice,Jazz club café restaurant,from 5.00,40 - 50 min.,
Košice,Panda Club,from 5.00,40 - 50 min.,4.8
Košice,Bistro H75,from 5.50,,5
Košice,Post Pub Oravia,from 6.00,,4.7
Košice,Caméllia restaurant,from 9.00,,4.8
Košice,Kotlík,from 5.00,40 - 50 min.,4.7
Košice,Lang restaurant,from 5.00,40 - 50 min.,4.3
Košice,Domenico,from 5.00,40 - 50 min.,4.5
Košice,Big pizza,from 5.00,40 - 50 min.,4.1
Košice,Chilli Pizza Košice,from 5.00,55 - 65 min.,4.6
Košice,The Face Club,from 4.50,,4.7
Košice,Green Košice bezlepková reštaurácia,from 6.00,70 - 80 min.,4.7
Košice,Mango Bistro,from 8.00,,4.8
Prešov,TuSi Prešov - Sekčov,from 4.50,85 - 95 min.,4.8
Prešov,Sushinami,from 7.00,70 - 80 min.,4.8
Prešov,Krusty Burger,from 3.50,85 - 95 min.,4.7
Prešov,Gold Pizza,from 4.50,70 - 80 min.,4.7
Prešov,Master Burger Prešov,from 6.50,40 - 50 min.,4.8
Prešov,La Cucaracha Floriánová,from 5.00,85 - 95 min.,5
Prešov,Al dente,from 5.50,55 - 65 min.,4.7
Prešov,TASTY PARK Prešov,from 6.00,40 - 50 min.,4.9
Prešov,Primitivo,from 4.50,55 - 65 min.,4.8
Prešov,Victory kebab,from 5.00,40 - 50 min.,4.9
Prešov,VINYL bistro,from 5.00,55 - 65 min.,4.9
Prešov,Sushinami,from 7.00,70 - 80 min.,4.8
Prešov,PiroHi!,from 9.00,55 - 65 min.,4.7
Prešov,Mgr. Burger,from 7.00,70 - 80 min.,4.8
Prešov,Diktátor,from 5.50,85 - 95 min.,4.8
Prešov,Stromoradie,from 5.00,55 - 65 min.,4.8
Prešov,Retro - Carburger,from 5.00,70 - 80 min.,4.9
Prešov,TuSi Prešov - Sekčov,from 4.50,85 - 95 min.,4.8
Prešov,Mamila,from 3.90,55 - 65 min.,4.6
Prešov,Pizza Borsalino Prešov,from 5.00,85 - 95 min.,4.7
Prešov,Hanami sushi,from 7.00,70 - 80 min.,4.8
Prešov,Pizza Butiken,from 5.30,55 - 65 min.,4.8
Prešov,Osman City Kebap,from 5.00,55 - 65 min.,4.7
Prešov,Pizza Pomodoro,from 5.50,85 - 95 min.,4.7
Prešov,Diktator burger delivery,from 5.50,85 - 95 min.,4.8
Prešov,Rebrá Prešov,from 6.00,70 - 80 min.,4.8
Prešov,Kvadrat Sushi&Pizza,from 5.00,70 - 80 min.,4.8
Prešov,SHOPA,from 9.90,55 - 65 min.,4.7
Prešov,La Cucaracha,from 5.00,85 - 95 min.,4.6
Prešov,Pizza Maxim,from 4.00,85 - 95 min.,4.7
Prešov,Turkish Kebab,from 5.00,70 - 80 min.,4.7
Prešov,Tip Top pizza,from 4.50,40 - 50 min.,4.3
Prešov,Toscana Pizza,from 4.30,70 - 80 min.,4.7
Prešov,Šariš Pub OC Eperia,from 5.00,85 - 95 min.,4.5
Prešov,Pizzeria Marchello,from 0.00,100 - 110 min.,4.6
Prešov,PATÉ asian cuisine,from 10.00,70 - 80 min.,4.6
Prešov,Klasik Pizza,from 4.00,55 - 65 min.,4.6
Prešov,Gold Pizza,from 4.50,70 - 80 min.,4.7
Prešov,Bulli Kebab,from 6.00,70 - 80 min.,4.7
Prešov,Pho Yo,from 6.00,70 - 80 min.,4.5
Prešov,Krusty Burger,from 3.50,85 - 95 min.,4.7
Prešov,Mamila 2,from 3.90,55 - 65 min.,4.4
Prešov,Nico caffe,from 10.00,55 - 65 min.,4.6
Prešov,Andiamo - Eperia Prešov,from 5.00,115 - 125 min.,3.9
Prešov,Kebab&burger No.33,from 4.30,70 - 80 min.,4.4
Prešov,Naan&Curry,from 6.00,70 - 80 min.,4.1
Prešov,Brutal Pizza a Burger,from 3.80,70 - 80 min.,4.2
Prešov,Foggy Burger,from 4.50,85 - 95 min.,4.8
Prešov,Sedliacky dvor OC Eperia,from 10.00,115 - 125 min.,4.7
Prešov,Zmrzlina Ben & Jerry's Prešov,from 4.00,70 - 80 min.,5
Prešov,Šarišská chiža,from 5.00,,4.7
Prešov,Chocolate Patrik,from 5.00,,4.4
Prešov,Staré dobré Mexiko,from 0.00,,4.8
Prešov,Euro Catering Agency,from 0.00,,
Prešov,Kvety Sylvia,from 20.00,,
Prešov,Babičkina záhrada,from 0.00,,4.3
Prešov,Qualit,from 5.00,55 - 65 min.,5
Prešov,Keba - PO,from 3.00,70 - 80 min.,4.8
Prešov,Master Burger Prešov,from 6.50,40 - 50 min.,4.8
Prešov,The Stables,from 1.00,55 - 65 min.,4.2
Prešov,Fest bistro,from 5.00,55 - 65 min.,4.8
Prešov,Lakuka franchise,from 5.00,70 - 80 min.,4.7
Prešov,Top Bistro,from 4.70,85 - 95 min.,4.8
Prešov,Madison Food,from 4.00,115 - 125 min.,4.5
Prešov,Fabrika ECOfriendly restaurant,from 5.50,,4.4
Prešov,PO Food,from 4.50,115 - 125 min.,4.5
Prešov,Kvadrat Menu,from 5.00,70 - 80 min.,4.8
Prešov,Rio reštaurácia,from 4.90,85 - 95 min.,4.7
Prešov,Savileri reštaurácia & bistro,from 5.50,70 - 80 min.,4.6
Prešov,Mr. KEBAB,from 5.00,,4.6
Prešov,Peter's fried chicken,from 7.00,55 - 65 min.,4.9
Prešov,Vegan a veggie reštaurácia Góvinda Prešov,from 5.00,115 - 125 min.,4.9
Prešov,Bizarre,from 5.00,55 - 65 min.,4.7
Prešov,Cafe Restaurant Grand,from 4.50,85 - 95 min.,4.6
Prešov,Spaghetti Leviathan,from 5.00,,4.9
Prešov,Sokolovňa,from 4.50,70 - 80 min.,4.7
Prešov,Andiamo Pizza OC Max,from 0.00,,4.4
Prešov,Originale Pizzeria,from 6.50,55 - 65 min.,4.5
Prešov,Soupculture Prešov,from 3.70,85 - 95 min.,4.8
Prešov,Street food bistro,from 5.00,,4
Prešov,Trojica Streetfood,from 8.00,,4.2
Prešov,Dopravné ihrisko S3,from 5.00,,4.7
Prešov,Salaš Šariš Park,from 6.00,,5
Prešov,POETIKA restaurant,from 5.50,,4.9
Prešov,Spiti Gonzales,from 10.00,55 - 65 min.,4.7
Prešov,Batao Eperia,from 10.00,,4.5
Prešov,Kuko delivery,from 4.50,55 - 65 min.,4.1
Banská Bystrica,Pizza Semiro,from 5.50,70 - 80 min.,4.8
Banská Bystrica,4REST Restaurant,from 6.00,85 - 95 min.,4.8
Banská Bystrica,Pizzalino,from 6.20,115 - 125 min.,4.6
Banská Bystrica,RA2Ň PUB,from 5.30,85 - 95 min.,4.7
Banská Bystrica,San Angello,from 3.99,115 - 125 min.,4.5
Banská Bystrica,Orient Express,from 10.00,25 - 35 min.,4.3
Banská Bystrica,Reštaurácia Červený Rak,from 5.00,40 - 50 min.,4.6
Banská Bystrica,EAT HAM PIZZA,from 5.70,40 - 50 min.,4.9
Banská Bystrica,Ázijské bistro,from 5.00,40 - 50 min.,4.9
Banská Bystrica,Magic Food,from 5.00,40 - 50 min.,4.8
Banská Bystrica,Saigon Bistro Terminal,from 5.00,40 - 50 min.,4.9
Banská Bystrica,Bistro Soho BB,from 7.00,40 - 50 min.,4.9
Banská Bystrica,Street Foodie,from 5.00,40 - 50 min.,4.7
Banská Bystrica,Bistro Pohoda Sliač,from 15.00,40 - 50 min.,5
Banská Bystrica,Davaj Het,from 7.00,100 - 110 min.,4.9
Banská Bystrica,Pho Viet Bistro,from 5.00,40 - 50 min.,4.7
Banská Bystrica,Fresh Bar,from 0.00,55 - 65 min.,5
Banská Bystrica,Caffe&Pizza Belveder,from 5.00,40 - 50 min.,4.9
Banská Bystrica,Poké Bistro,from 5.00,40 - 50 min.,4.5
Banská Bystrica,KFC Európa SC,from 5.00,40 - 50 min.,4.5
Banská Bystrica,Pizzeria u Krta,from 2.90,70 - 80 min.,4.6
Banská Bystrica,Kmotra donášková pizza,from 4.90,115 - 125 min.,4.9
Banská Bystrica,Ozay Kebab,from 5.00,40 - 50 min.,4.6
Banská Bystrica,Burger Zvolen,from 30.00,55 - 65 min.,4.8
Banská Bystrica,HANOI Bistro,from 5.00,40 - 50 min.,4.8
Banská Bystrica,Chilli Mili,from 5.00,40 - 50 min.,4.9
Banská Bystrica,Olivero Grill Bar,from 3.90,100 - 110 min.,4.7
Banská Bystrica,RA2Ň PUB,from 5.30,85 - 95 min.,4.7
Banská Bystrica,Liberty,from 4.19,85 - 95 min.,4.7
Banská Bystrica,Starobystrická reštaurácia,from 5.00,40 - 50 min.,4.6
Banská Bystrica,Shanghai Bambusová záhrada,from 7.00,70 - 80 min.,4.6
Banská Bystrica,Pizzeria Evijo Sásová,from 8.20,100 - 110 min.,4.7
Banská Bystrica,4REST Restaurant,from 6.00,85 - 95 min.,4.8
Banská Bystrica,Spezax Caffe,from 5.00,40 - 50 min.,4.7
Banská Bystrica,Samurai Restaurant & SUSHI BAR,from 6.90,115 - 125 min.,4.7
Banská Bystrica,Pizzéria Brasil,from 10.00,85 - 95 min.,4.7
Banská Bystrica,Bullish food,from 5.00,40 - 50 min.,4.4
Banská Bystrica,LYK čínska reštaurácia,from 5.00,40 - 50 min.,4.4
Banská Bystrica,Pizzalino,from 6.20,115 - 125 min.,4.6
Banská Bystrica,Döner Kebab - Yufkáreň,from 5.00,40 - 50 min.,4.4
Banská Bystrica,Franko Pizza,from 5.00,115 - 125 min.,4.4
Banská Bystrica,Reštaurácia Mamutko,from 5.00,54 - 64 min.,4.2
Banská Bystrica,Pizza Semiro,from 5.50,70 - 80 min.,4.8
Banská Bystrica,Minit - OC Terminal,from 5.00,40 - 50 min.,5
Banská Bystrica,San Angello,from 3.99,115 - 125 min.,4.5
Banská Bystrica,KVETY IDEA,from 30.00,,5
Banská Bystrica,BONANNO,from 5.00,40 - 50 min.,3.8
Banská Bystrica,Paula Baguette,from 5.00,40 - 50 min.,4.5
Banská Bystrica,Lagaro Restaurant & Coffee,from 5.00,40 - 50 min.,4.3
Banská Bystrica,Big Kebab a pizza z pece,from 5.00,40 - 50 min.,4.5
Banská Bystrica,Slovenská reštaurácia a piváreň,from 7.50,115 - 125 min.,4.7
Banská Bystrica,Frais restaurant coctails&wine,from 5.00,70 - 80 min.,4.2
Banská Bystrica,Pilsner restaurant u Kemov,from 5.00,50 - 60 min.,3.8
Banská Bystrica,Market Express - donáška alkoholu a potravín,from 20.00,25 - 35 min.,4.5
Banská Bystrica,Modrý Mesiac - donáška potravín,from 10.00,,5
Banská Bystrica,Chocolate Patrik,from 5.00,,4.4
Banská Bystrica,Babičkina záhrada,from 0.00,,4.3
Banská Bystrica,Bottlesshop,from 15.00,,
Banská Bystrica,Cartel Coffe bar&kitchen,from 7.00,55 - 65 min.,4.8
Banská Bystrica,BestBio,from 20.00,,
Banská Bystrica,Kebab-Burger-Maxim,from 6.80,70 - 80 min.,4.9
Banská Bystrica,Domáce langoše-MAXIM,from 6.80,70 - 80 min.,4.9
Banská Bystrica,Reštaurácia vo Fiate,from 9.00,115 - 125 min.,4.5
Banská Bystrica,Zeus grécka kuchyňa,from 5.00,40 - 50 min.,4.8
Banská Bystrica,Plzenská reštaurácia,from 6.00,115 - 125 min.,4.6
Banská Bystrica,Capone Pizza,from 25.00,55 - 65 min.,4.7
Banská Bystrica,Reštaurácia v uličke,from 4.50,115 - 125 min.,4.2
Banská Bystrica,Fun Bistro,from 4.20,115 - 125 min.,4.7
Banská Bystrica,Kalyteros,from 9.00,,5
Banská Bystrica,URSO'S (bývalá Asia Food),from 5.00,85 - 95 min.,4.6
Banská Bystrica,Reštaurácia Beniczky,from 5.99,70 - 80 min.,4.4
Banská Bystrica,Reštaurácia Gurmán,from 6.99,70 - 80 min.,4.6
Banská Bystrica,Čierna Ovca,from 6.00,,5
Banská Bystrica,Reštaurácia Bašta,from 6.99,85 - 95 min.,4.9
Banská Bystrica,Reštaurácia Olinka,from 5.00,40 - 50 min.,4.5
Banská Bystrica,Soupculture polievky v jedlom kornútku,from 5.00,40 - 50 min.,4.8
Banská Bystrica,Tradičné párance a halušky,from 5.00,40 - 50 min.,4.7
Banská Bystrica,Angels restaurant,from 7.90,40 - 50 min.,4.8
Banská Bystrica,Reštaurácia Madona,from 4.60,40 - 50 min.,4.4
Banská Bystrica,BREAKTIME,from 6.00,55 - 65 min.,5
Banská Bystrica,For You Pizza,from 5.00,40 - 50 min.,4.9
Banská Bystrica,Frais restaurant,from 8.00,70 - 80 min.,4.6
Banská Bystrica,Ancora Restaurant,from 9.00,55 - 65 min.,5
Banská Bystrica,Ristorante La Secchia,from 5.00,40 - 50 min.,4.6
Banská Bystrica,Chikiti mexicanos,from 6.50,55 - 65 min.,4.9
Banská Bystrica,SOPRANO Reštaurácia & Pizza,from 5.50,115 - 125 min.,4.6
Banská Bystrica,FUN-BURGER,from 5.00,40 - 50 min.,
Banská Bystrica,Toccami House,from 5.00,40 - 50 min.,4.8
Banská Bystrica,Whoper burger,from 13.00,40 - 50 min.,5
Banská Bystrica,dá Luigi streetfood kebab & pizza,from 5.00,85 - 95 min.,4.5
Banská Bystrica,Chikiti - večerný rozvoz,from 5.00,40 - 50 min.,
Banská Bystrica,Bernardov dvor,from 7.00,,4.8
Banská Bystrica,Cosmopolitan restaurant,from 6.00,115 - 125 min.,4.9
Žilina,Žilinská Kozlovňa,from 5.00,50 - 60 min.,4.6
Žilina,Reštaurácia Trio,from 5.00,100 - 110 min.,4.1
Žilina,minit - Fornetti,from 4.90,85 - 95 min.,4.9
Žilina,Pellegrino Pizzeria,from 5.50,85 - 95 min.,4.7
Žilina,Garden Pub Rosina,from 9.00,55 - 65 min.,4.9
Žilina,Reštaurácia Radničná,from 5.00,40 - 50 min.,4.9
Žilina,Presto Žilina,from 6.10,55 - 65 min.,4.8
Žilina,Guty,from 5.00,45 - 55 min.,4.7
Žilina,Pho Yo,from 5.00,80 - 90 min.,4.7
Žilina,Kral Turkish Dőner Kebab&Pizza,from 6.00,55 - 65 min.,4.8
Žilina,Forkys,from 5.00,40 - 50 min.,4.9
Žilina,Mánia Pizzeria KNM,from 4.50,40 - 50 min.,4.7
Žilina,Žilinská Kozlovňa,from 5.00,50 - 60 min.,4.6
Žilina,Sushi Bonsai,from 12.00,70 - 80 min.,4.9
Žilina,VegGo Bistro,from 5.00,40 - 50 min.,4.8
Žilina,Street Foodie,from 5.00,40 - 50 min.,4.3
Žilina,HTB Sushi & Wok,from 5.00,40 - 50 min.,4.6
Žilina,Sushiland,from 5.00,40 - 50 min.,4.8
Žilina,Pizza Express Michaelo Hájik,from 4.50,25 - 35 min.,4.6
Žilina,Chef restaurant,from 4.90,55 - 65 min.,4.6
Žilina,Nočný expres,from 8.00,25 - 35 min.,5
Žilina,La Donuteria,from 5.00,40 - 50 min.,4.6
Žilina,Just Donut,from 5.00,40 - 50 min.,4.9
Žilina,Al Capone,from 15.00,70 - 80 min.,4.9
Žilina,Delhi Dhaba Restaurant,from 5.00,54 - 64 min.,4.5
Žilina,Kazačok pub,from 5.00,55 - 65 min.,4.5
Žilina,Pizzéria Carolina,from 6.60,40 - 50 min.,4.7
Žilina,Pizzeria U zlatého tanku,from 3.70,55 - 65 min.,4.7
Žilina,Gofri Bistro&Coffee,from 4.90,85 - 95 min.,4.9
Žilina,Pizzéria a reštaurácia PEPEK - Bytča,from 25.00,70 - 80 min.,5
Žilina,Máj piváreň&pizza&BBQ,from 5.00,55 - 65 min.,4.6
Žilina,Pizzéria Fantasia,from 4.50,70 - 80 min.,4.5
Žilina,BUCHTA Klemi - potešenie na pare,from 5.00,85 - 95 min.,5
Žilina,Chilteco,from 5.20,100 - 110 min.,4.6
Žilina,Pizza Express Michaelo Solinky,from 4.50,55 - 65 min.,4.5
Žilina,Sultan Kebab,from 5.00,40 - 50 min.,4.2
Žilina,Mamma Mia,from 5.00,70 - 80 min.,4.8
Žilina,Pub u Joža,from 5.00,40 - 50 min.,4.3
Žilina,Garden Pub Rosina,from 9.00,55 - 65 min.,4.9
Žilina,Kúsok Šťastia Pizza Restaurant,from 7.10,70 - 80 min.,4.6
Žilina,minit - Fornetti,from 4.90,85 - 95 min.,4.9
Žilina,Penzión V inom svete,from 7.00,115 - 125 min.,4.8
Žilina,Pizzéria Tempo,from 4.30,85 - 95 min.,4.7
Žilina,Pizzalandia Žilina,from 4.50,70 - 80 min.,4.5
Žilina,Kantína Pizzeria & Piváreň,from 5.00,70 - 80 min.,4.5
Žilina,Pizza Expres Michaelo KNM,from 7.30,55 - 65 min.,4.6
Žilina,Bamboo Express,from 5.00,40 - 50 min.,4.2
Žilina,Manzo steak a burger,from 5.00,40 - 50 min.,4.5
Žilina,Bamboo sushi&wok,from 5.00,40 - 50 min.,4.4
Žilina,Pizza Express Michaelo Vlčince,from 4.50,55 - 65 min.,4.6
Žilina,Pán Waflička,from 5.00,40 - 50 min.,4.1
Žilina,Mr. KEBAB,from 5.00,40 - 50 min.,4.4
Žilina,Döner Kebap M&M Považský Chlmec,from 9.00,40 - 50 min.,4.7
Žilina,S Kebab,from 5.00,40 - 50 min.,4.6
Žilina,Blackdog restaurant,from 5.00,40 - 50 min.,4.6
Žilina,Regal Burger Aupark,from 5.00,40 - 50 min.,4.7
Žilina,Sushihanil,from 15.00,70 - 80 min.,4.5
Žilina,Wolfcorner,from 5.00,55 - 65 min.,4.4
Žilina,Reštaurácia Koníček Hájik,from 5.00,40 - 50 min.,4.4
Žilina,Pure Beef,from 4.50,70 - 80 min.,4.5
Žilina,Tratorka by foodies,from 4.70,100 - 110 min.,4.4
Žilina,Pizzeria Santino,from 5.00,55 - 65 min.,4.1
Žilina,Pellegrino Pizzeria,from 5.50,85 - 95 min.,4.7
Žilina,River Restaurant,from 6.50,85 - 95 min.,4.7
Žilina,Poké Bistro Aupark,from 5.00,40 - 50 min.,4.6
Žilina,Marína reštaurácia,from 5.00,85 - 95 min.,4.4
Žilina,Reštaurácia Trio,from 5.00,100 - 110 min.,4.1
Žilina,Hambáč,from 5.00,40 - 50 min.,4.5
Žilina,Plzeňská reštaurácia,from 5.00,40 - 50 min.,4.3
Žilina,Pokechko,from 5.00,40 - 50 min.,4
Žilina,Pizza Michaela,from 9.90,55 - 65 min.,4.7
Žilina,Seven Heaven,from 8.00,55 - 65 min.,4.5
Žilina,Pizzalandia,from 4.20,55 - 65 min.,4.6
Žilina,Reštaurácia Koníček Hliny,from 5.00,40 - 50 min.,
Žilina,Quality Street Food,from 30.00,70 - 80 min.,4.7
Žilina,Bistro Šmaky,from 5.00,40 - 50 min.,4.2
Žilina,Chocolate Patrik,from 5.00,,4.4
Žilina,Babičkina záhrada,from 0.00,,4.3
Žilina,Sabotage Pizza Pub,from 3.90,70 - 80 min.,4.9
Žilina,Burger & Pizza Valentíny,from 5.90,55 - 65 min.,4.9
Žilina,Beer Bar,from 9.00,55 - 65 min.,5
Žilina,Pizzéria Monte,from 5.00,70 - 80 min.,4.8
Žilina,Zahrejeme,from 6.00,,5
Žilina,Catering Bytča,from 15.00,,5
Žilina,Kvety Maja,from 0.00,115 - 125 min.,5
Žilina,Luckwok - čínska reštaurácia,from 5.00,55 - 65 min.,4.8
Žilina,Paladeo Pizza,from 3.00,85 - 95 min.,5
Žilina,Pizza Lipizza,from 3.60,,3.9
Žilina,V&V pizza,from 6.00,85 - 95 min.,3.9
Žilina,Pizza Milano,from 9.80,100 - 110 min.,4.5
Žilina,Chlebíčky Žilina,from 20.00,,5
Žilina,SPIRIT grill & bar,from 4.70,115 - 125 min.,4.5
Žilina,Golf Restaurant,from 5.00,55 - 65 min.,4.8
Žilina,Reštaurácia Shark,from 4.00,85 - 95 min.,4.6
Žilina,La Repubblica,from 12.00,115 - 125 min.,4.6
Žilina,Pepek beer & pizza pub,from 5.00,55 - 65 min.,4.7
Žilina,Verticcio coffee&tea,from 5.00,40 - 50 min.,
Žilina,Cosmo Asian Restaurant,from 5.00,40 - 50 min.,4.7
Žilina,Reštaurácia Capri,from 5.30,70 - 80 min.,4.8
Žilina,Piváreň Drevená krava,from 9.00,115 - 125 min.,4.3
Žilina,Pivárska Bašta Rmut,from 9.70,85 - 95 min.,4.6
Žilina,Farmárske špeciality,from 15.00,25 - 35 min.,4.8
Žilina,Del Patio,from 5.90,115 - 125 min.,4.7
Žilina,Living restaurant,from 9.50,115 - 125 min.,4.8
Žilina,Woker,from 5.00,45 - 55 min.,4.5
Žilina,eXtreme Park,from 6.90,55 - 65 min.,4.5
Žilina,PALACE Restaurant,from 7.00,100 - 110 min.,4.7
Žilina,Na Rohu,from 10.00,115 - 125 min.,4.9
Žilina,Kantína Poštová,from 10.00,100 - 110 min.,4.5
Žilina,Holiday Inn restaurant,from 7.90,,5
Žilina,Gastro Reštaurácia,from 5.00,40 - 50 min.,4.7
Žilina,Reštaurácia Majovey,from 5.00,40 - 50 min.,5
Žilina,Reštaurácia Dubná skala,from 6.10,,4.7
Žilina,Pizza&Burger Borina,from 4.90,70 - 80 min.,4.8
Žilina,IL Padrino Ristorante,from 5.80,85 - 95 min.,4.6
Žilina,Tradičné žilinské GOFRI,from 5.00,40 - 50 min.,4.8
Žilina,Pivovar Vŕšky,from 5.00,40 - 50 min.,5
Žilina,Padrone Pizza & Restaurant,from 6.50,115 - 125 min.,4.4
Žilina,Break's Food,from 6.50,115 - 125 min.,4.8
Žilina,Foodstock,from 5.00,40 - 50 min.,5
Žilina,Food House,from 4.00,45 - 55 min.,5
Žilina,Mr. Gao - Čínska reštaurácia,from 3.50,115 - 125 min.,4.6
Žilina,Smreková Koliba,from 5.00,,4.8
Žilina,Palace Hotel Polom Restaurant,from 5.00,40 - 50 min.,4.9
Nitra,Pizza Diamo,from 5.10,55 - 65 min.,4.7
Nitra,LafiMo,from 6.00,55 - 65 min.,4.4
Nitra,Pizza Smejo,from 5.20,70 - 80 min.,4.9
Nitra,OK Pizza,from 4.80,55 - 65 min.,4.9
Nitra,Loco Burgers&Sandwiches,from 5.00,40 - 50 min.,4.2
Nitra,Fusione,from 5.90,55 - 65 min.,4.6
Nitra,OK Pizza,from 4.80,55 - 65 min.,4.9
Nitra,Bearded Brothers,from 5.90,55 - 65 min.,4.9
Nitra,Pokéčko,from 8.50,40 - 50 min.,4.9
Nitra,Pizza Laurizzia,from 5.50,70 - 80 min.,5
Nitra,Sweetbox,from 10.00,40 - 50 min.,5
Nitra,DOKI DOKI,from 5.00,70 - 80 min.,4.8
Nitra,Burger delivery,from 4.60,40 - 50 min.,4.8
Nitra,Charm Restaurant,from 5.00,55 - 65 min.,4.6
Nitra,Bistro Panda NCentro,from 5.00,40 - 50 min.,4.8
Nitra,La Donuteria,from 9.00,85 - 95 min.,4.9
Nitra,Pizza Smejo,from 5.20,70 - 80 min.,4.9
Nitra,Noodle bar,from 5.00,70 - 80 min.,4.9
Nitra,Pizza Diamo,from 5.10,55 - 65 min.,4.7
Nitra,Sakura Restaurant 1,from 5.00,85 - 95 min.,4.8
Nitra,BB Design - kvetinárstvo,from 0.00,115 - 125 min.,5
Nitra,LOVE FOOD,from 8.00,55 - 65 min.,4.8
Nitra,U Kocúra,from 8.00,85 - 95 min.,4.8
Nitra,Česká Hospúdka u Slováka,from 6.00,55 - 65 min.,4.9
Nitra,Wasabi Sushi & Lounge Bar,from 9.90,70 - 80 min.,4.8
Nitra,Manolo restaurant,from 5.00,85 - 95 min.,4.5
Nitra,Pizzéria Tropea,from 6.00,70 - 80 min.,4.9
Nitra,Pizzéria Toscana,from 5.00,70 - 80 min.,4.7
Nitra,UrgerBurger,from 7.50,70 - 80 min.,4.8
Nitra,Haluškáreň,from 5.00,50 - 60 min.,4.4
Nitra,Nitra Delivery Food&Sushi,from 4.90,55 - 65 min.,4.7
Nitra,Little Burger,from 5.50,85 - 95 min.,4.8
Nitra,Sakura Restaurant 2,from 5.00,85 - 95 min.,4.9
Nitra,Bellissimo Restaurant,from 6.90,85 - 95 min.,4.7
Nitra,Loco Burgers&Sandwiches,from 5.00,40 - 50 min.,4.2
Nitra,Pizza 123,from 5.00,40 - 50 min.,4.8
Nitra,Indian Curry restaurant&bar,from 10.00,55 - 65 min.,4.4
Nitra,Žalár,from 5.00,70 - 80 min.,4.9
Nitra,Pizza Top,from 5.00,55 - 65 min.,4.7
Nitra,Ikigai Sushi,from 50.00,70 - 80 min.,4.9
Nitra,Stará Kotolňa,from 10.00,85 - 95 min.,4.6
Nitra,Pizza Nitra Restaurant,from 2.90,115 - 125 min.,4.5
Nitra,Michelle Pizza&Burger,from 5.00,55 - 65 min.,4.7
Nitra,Pizza Rossini,from 10.00,55 - 65 min.,4.8
Nitra,Pizza Piccolino,from 4.90,85 - 95 min.,4.6
Nitra,Langošovňa,from 5.00,40 - 50 min.,4.6
Nitra,Tantal Expres,from 6.00,85 - 95 min.,4.6
Nitra,Tatami,from 5.00,115 - 125 min.,4.8
Nitra,Špizza,from 7.00,85 - 95 min.,4.7
Nitra,Swagatam Indian restaurant,from 8.00,25 - 35 min.,4.7
Nitra,Bistro Panda,from 5.00,85 - 95 min.,4.6
Nitra,Hollywood Street Food,from 6.00,85 - 95 min.,4.7
Nitra,Tres Tacos Bistro,from 0.00,55 - 65 min.,4.1
Nitra,Tres Tacos Reštaurácia,from 0.00,55 - 65 min.,4.2
Nitra,KOISUSHI,from 5.00,115 - 125 min.,4.8
Nitra,Subway OC Centro,from 7.50,55 - 65 min.,4.4
Nitra,Bruno pizza,from 4.70,70 - 80 min.,4.4
Nitra,LafiMo,from 6.00,55 - 65 min.,4.4
Nitra,Uncle Phil,from 5.99,85 - 95 min.,4.7
Nitra,Pražiareň Veľké Zálužie,from 0.00,,5
Nitra,Chocolate Patrik,from 5.00,,4.4
Nitra,Babičkina záhrada,from 0.00,,4.3
Nitra,Vinárska stodola,from 5.00,40 - 50 min.,4.9
Nitra,BT - BURGERS# WRAPS & CRAFT BEER,from 5.00,40 - 50 min.,4.9
Nitra,EL Dorado Old West Pub,from 10.00,55 - 65 min.,4.9
Nitra,Hami Papi,from 10.00,55 - 65 min.,4.8
Nitra,ALKOdovoz,from 10.00,25 - 35 min.,5
Nitra,Golden Chicken,from 7.50,40 - 50 min.,4.4
Nitra,Nitrawa pub,from 4.00,55 - 65 min.,4.8
Nitra,Ovocné Kytice OVOTICOO,from 10.00,100 - 110 min.,5
Nitra,Foodie,from 7.00,,4.9
Nitra,Falafel Nitra,from 5.50,85 - 95 min.,5
Nitra,Tantal obedové menu,from 5.90,85 - 95 min.,4.7
Nitra,Paladium reštaurácia&bar,from 6.00,55 - 65 min.,4.7
Nitra,MILÁ DEVA reštaurácia,from 10.00,85 - 95 min.,4.8
Nitra,Reštaurácia Karla,from 7.00,115 - 125 min.,4.5
Nitra,Páni Baklažáni,from 5.90,85 - 95 min.,4.7
Nitra,Prezident burger,from 5.50,70 - 80 min.,4.9
Nitra,Sushi Nitra,from 4.90,70 - 80 min.,4.9
Nitra,Supercháles,from 6.00,70 - 80 min.,4.3
Nitra,Šúdolská viecha,from 10.00,,4.4
Nitra,Keltský gril,from 5.20,,4.7
Trnava,Kontajner Coffee & Food Bar Trnava,from 7.00,70 - 80 min.,4.5
Trnava,Trnavská pizza,from 5.00,70 - 80 min.,4.5
Trnava,La Finestra,from 5.00,85 - 95 min.,4.6
Trnava,Rychlovka Burgers,from 6.50,55 - 65 min.,5
Trnava,Reštaurácia Tovariš,from 5.20,70 - 80 min.,4.8
Trnava,Non viet Sushi bar&restaurant,from 10.00,55 - 65 min.,5
Trnava,Isami,from 5.00,70 - 80 min.,4.9
Trnava,Pizza Galileo,from 5.00,55 - 65 min.,4.7
Trnava,Sakura restaurant sushi&wok,from 8.00,55 - 65 min.,4.9
Trnava,City Sushi Trnava,from 5.00,70 - 80 min.,4.9
Trnava,Maestro Erik Italian pizza style,from 30.00,70 - 80 min.,4.9
Trnava,SUMO,from 8.00,85 - 95 min.,4.8
Trnava,Hollywood burger,from 6.00,115 - 125 min.,4.9
Trnava,Papa Mafia,from 5.00,55 - 65 min.,4.3
Trnava,U Právnika Pub&Restaurant,from 4.50,115 - 125 min.,4.9
Trnava,Pizza Piccolino,from 5.40,115 - 125 min.,4.6
Trnava,Ikigai Sushi,from 50.00,70 - 80 min.,4.9
Trnava,Zemo pizzeria,from 6.00,100 - 110 min.,4.8
Trnava,Pizza Amico,from 5.00,70 - 80 min.,4.2
Trnava,Shiva restaurant,from 8.00,55 - 65 min.,4.7
Trnava,Remeselná pizza / burger,from 5.00,70 - 80 min.,4.8
Trnava,Pizza Erik,from 30.00,92 - 102 min.,4.3
Trnava,Hollywood Pizza,from 6.00,100 - 110 min.,4.7
Trnava,Burgr jako kráva Trnava,from 5.00,62 - 72 min.,3.8
Trnava,Good Food Stanley's,from 5.00,70 - 80 min.,4
Trnava,Reštaurácia Apetito,from 6.00,115 - 125 min.,4
Trnava,Bistro Parna,from 15.00,40 - 50 min.,3
Trnava,Chocolate Patrik,from 5.00,,4.4
Trnava,Babičkina záhrada,from 0.00,,4.3
Trnava,Prison pizza,from 5.00,55 - 65 min.,4.9
Trnava,Kvety Kamélia,from 20.00,,5
Trnava,Sessler pivovar a reštaurácia,from 5.00,115 - 125 min.,4.6
Trnava,BALDISIMI Bistro,from 6.00,55 - 65 min.,4.6
Trnava,Buenos Amigos,from 7.00,,3.9
Trnava,LIGHTHOUSE CLUB,from 6.90,115 - 125 min.,4.9
Trnava,Culinaria Holiday Inn,from 12.00,40 - 50 min.,4.8
Trnava,Regal Burger Trnava,from 5.00,70 - 80 min.,4.9
Trnava,Poké Bistro Trnava,from 5.00,70 - 80 min.,4.9
Trnava,Nový Pranier,from 35.00,115 - 125 min.,4.9
Prievidza,Burgr jako kráva,from 4.10,85 - 95 min.,4.4
Prievidza,Pizza Liberta - Pizza bike bar,from 4.00,55 - 65 min.,4.9
Prievidza,Schnitzel Platz Yes,from 4.00,55 - 65 min.,5
Prievidza,Bageta,from 5.00,85 - 95 min.,4.9
Prievidza,Pizza Wanted,from 8.00,85 - 95 min.,4.8
Prievidza,Pizza QYX,from 4.50,70 - 80 min.,4.8
Prievidza,Miki pizza-Miki bar,from 4.20,55 - 65 min.,4.7
Prievidza,Sedma Pub,from 4.00,115 - 125 min.,4.9
Prievidza,Reštaurácia Meridiana,from 6.00,85 - 95 min.,4.7
Prievidza,Dráčik,from 3.99,85 - 95 min.,4.5
Prievidza,La Hamm,from 4.60,55 - 65 min.,4.3
Prievidza,Woodstock,from 5.00,85 - 95 min.,4.7
Prievidza,U Bugyho Pub and Pizza,from 4.50,55 - 65 min.,4.2
Prievidza,Charlie Sever,from 4.00,85 - 95 min.,4.9
Prievidza,New Bei Jing - čínska reštaurácia,from 3.50,100 - 110 min.,4.7
Prievidza,Benvenuti Ristorante & Pizzeria,from 4.00,85 - 95 min.,4.7
Prievidza,Valhalla Pub&Restaurant,from 4.80,55 - 65 min.,4.5
Prievidza,Trezor Pizza M&Z,from 4.00,100 - 110 min.,4.6
Prievidza,Pizza Lussy,from 10.00,55 - 65 min.,4.9
Prievidza,Langoš - Kebab Nedožery - U Lacku,from 4.00,40 - 50 min.,4.2
Prievidza,Golem Pizza&Burger,from 4.00,85 - 95 min.,4.4
Prievidza,Chocolate Patrik,from 5.00,,4.4
Prievidza,Babičkina záhrada,from 0.00,,4.3
Prievidza,Pizza HELP v TREZORE II - Osma Pub,from 4.00,55 - 65 min.,4.7
Prievidza,Tehelňa Pub,from 2.30,70 - 80 min.,4.6
Prievidza,City Restaurant,from 3.99,115 - 125 min.,4.2
Prievidza,Reštaurácia Turbína,from 5.10,115 - 125 min.,4.8
Prievidza,Bistro pri Priore,from 8.00,55 - 65 min.,4.8
Prievidza,Oáza Rozvoz,from 3.99,115 - 125 min.,4.8
Prievidza,Daddy’s cafe,from 8.00,55 - 65 min.,4.8
Prievidza,First Sushi Bar,from 5.00,85 - 95 min.,5
Prievidza,Lunch Time,from 7.00,,
Prievidza,Hoddok,from 4.00,40 - 50 min.,4.9
Prievidza,Mantra,from 5.50,55 - 65 min.,5
Prievidza,Royal Pizza,from 0.00,70 - 80 min.,4.7
Prievidza,Muzika Reštaurácia,from 7.00,,4.8
Prievidza,Bojnická reštaurácia pod klenbami,from 10.00,,4.6
Prievidza,Mr Z American Burger Bar,from 5.00,40 - 50 min.,5
Zvolen,City Pizza,from 4.50,20 - 30 min.,4.9
Zvolen,Pizza na stanici,from 4.50,40 - 50 min.,5
Zvolen,Bistro Pohoda Sliač,from 11.00,40 - 50 min.,5
Zvolen,P1ZZA Šéf,from 4.99,40 - 50 min.,4.9
Zvolen,Plnené langoše Bonita,from 5.40,40 - 50 min.,4.9
Zvolen,Fresh Bar Zvolen,from 0.00,55 - 65 min.,5
Zvolen,Corino Pizza,from 4.00,40 - 50 min.,4.9
Zvolen,Burger Zvolen,from 8.00,55 - 65 min.,4.8
Zvolen,Bambus Pizza,from 3.50,70 - 80 min.,4.6
Zvolen,Knar restaurant&pizza,from 5.00,70 - 80 min.,4.8
Zvolen,U Rytierov,from 4.00,55 - 65 min.,4.7
Zvolen,Kebab na západe,from 0.00,70 - 80 min.,4.8
Zvolen,Dolce Vita Sliač,from 10.00,100 - 110 min.,4.8
Zvolen,Fénix čínska reštaurácia,from 5.00,85 - 95 min.,4.6
Zvolen,Samurai Restaurant & SUSHI BAR,from 20.00,115 - 125 min.,4.7
Zvolen,Franko Pizza ZV,from 3.00,55 - 65 min.,4.6
Zvolen,Campione Pizza,from 7.00,55 - 65 min.,4.9
Zvolen,THOR Burger,from 5.00,55 - 65 min.,4.9
Zvolen,KVETY IDEA,from 0.00,62 - 72 min.,5
Zvolen,Fratelli pizza & kebab house,from 5.00,55 - 65 min.,4.2
Zvolen,Chocolate Patrik,from 5.00,,4.4
Zvolen,Pizza Bella Napoli,from 6.00,,4.8
Zvolen,Babičkina záhrada,from 0.00,,4.3
Zvolen,PivoDomov,from 10.00,25 - 35 min.,5
Zvolen,Season restaurant,from 18.00,,4.6
Zvolen,Fork restaurant,from 6.00,115 - 125 min.,4.8
Zvolen,Capone Pizza,from 3.20,55 - 65 min.,4.7
Zvolen,Daku Thai,from 5.00,55 - 65 min.,4.7
Zvolen,Suchá kôrka,from 5.20,115 - 125 min.,4.9
Zvolen,Reštaurácia Centrum,from 9.00,55 - 65 min.,4.6
Zvolen,Chilli beer&restaurant,from 8.00,55 - 65 min.,4.8
Zvolen,Penzión Q,from 10.00,85 - 95 min.,4.9
Zvolen,Spezax Caffe Zvolen,from 8.00,115 - 125 min.,5
Zvolen,BREAKTIME,from 21.00,55 - 65 min.,5
Zvolen,PIZZA na Rožku Sliač,from 9.00,55 - 65 min.,4.6
Zvolen,THE ORIENT,from 5.00,40 - 50 min.,4.9
Zvolen,Bistro Fresh line,from 4.90,115 - 125 min.,4.6
Zvolen,Pizza Eso,from 4.00,40 - 50 min.,4.8
Zvolen,Pizza Mamut,from 4.90,55 - 65 min.,4.6
Zvolen,Frais restaurant,from 8.00,70 - 80 min.,4.6
Zvolen,Bistro Soho BB,from 30.00,40 - 50 min.,4.9
Poprad,Trhané mäsko,from 5.00,70 - 80 min.,4.8
Poprad,Pizza Borsalino Poprad,from 0.00,100 - 110 min.,4.7
Poprad,Pizza z pece,from 0.00,55 - 65 min.,
Poprad,Pizzéria Hruška,from 10.00,40 - 50 min.,4.8
Poprad,Fajná rybka,from 8.50,115 - 125 min.,4.8
Poprad,Rock N Roll,from 0.00,55 - 65 min.,5
Poprad,Pizza Numero 1,from 5.00,55 - 65 min.,4.7
Poprad,Pizza Venezia,from 4.00,55 - 65 min.,4.7
Poprad,La Pizza,from 13.00,40 - 50 min.,4.3
Poprad,La Pizza,from 4.70,55 - 65 min.,4.8
Poprad,La Stella,from 12.90,40 - 50 min.,4.5
Poprad,Saint Tropez,from 5.00,55 - 65 min.,4.7
Poprad,Sen Viet,from 4.50,115 - 125 min.,4.8
Poprad,Hoshi Sushi,from 10.00,115 - 125 min.,4.7
Poprad,Moje Kura,from 10.00,55 - 65 min.,4.5
Poprad,Velická izba,from 9.90,85 - 95 min.,4.6
Poprad,Lujza restaurant,from 6.00,55 - 65 min.,4.8
Poprad,Veg,from 0.00,115 - 125 min.,4.8
Poprad,Pizza Gustosa,from 30.00,55 - 65 min.,4.5
Poprad,Tatranka,from 4.49,115 - 125 min.,4.7
Poprad,Gazda,from 0.00,85 - 95 min.,
Poprad,Kebab Forum,from 0.00,70 - 80 min.,
Poprad,Chocolate Patrik,from 5.00,,4.4
Poprad,Babičkina záhrada,from 0.00,,4.3
Poprad,SmileFood,from 4.00,85 - 95 min.,4.8
Poprad,Kebab Poprad,from 0.00,,
Poprad,Prines.to,from 7.50,55 - 65 min.,4.7
Poprad,Bistro Tatjana,from 5.00,85 - 95 min.,4.9
Poprad,Na hradbách,from 7.50,55 - 65 min.,4.7
Poprad,Dobré časy,from 10.00,,4.7
Poprad,Monopol - denné a večerné menu,from 0.00,,4.5
Poprad,Francúzske palacinky,from 0.00,,4.1
Poprad,Gazdovská koliba,from 0.00,,4.4
Poprad,Ristorante Italiano Orchidea,from 10.00,55 - 65 min.,4.6
Poprad,Pasta Italiano - Homemade Pasta,from 5.00,,5
Poprad,Greenrock reštaurácia,from 20.00,,4.7
Poprad,U Septima,from 10.00,55 - 65 min.,4.7
Senec,Extra Pizzeria,from 3.00,70 - 80 min.,4.6
Senec,ROUTE 61 STREET FOOD,from 6.90,55 - 65 min.,4.5
Senec,Maestro Erik Italian pizza style,from 12.00,70 - 80 min.,4.9
Senec,City Sushi Trnava,from 50.00,70 - 80 min.,4.9
Senec,Daddy's Burger,from 6.50,55 - 65 min.,4.9
Senec,Paradajz,from 6.00,70 - 80 min.,4.9
Senec,Pizza Panther,from 10.00,85 - 95 min.,4.9
Senec,Pizzeria Lillien,from 3.00,70 - 80 min.,4.8
Senec,Sensei Noodles,from 5.00,115 - 125 min.,4.8
Senec,Reštaurácia Kamenný Dvor,from 10.00,100 - 110 min.,4.7
Senec,Pizza La Janne,from 4.50,70 - 80 min.,4.6
Senec,Ravasz café & Garden restaurant,from 33.00,115 - 125 min.,4.8
Senec,Pizza Erik,from 18.00,92 - 102 min.,4.3
Senec,Nasávaj,from 5.00,40 - 50 min.,4.6
Senec,Chocolate Patrik,from 5.00,,4.4
Senec,Babičkina záhrada,from 0.00,,4.3
Senec,Party mňamky ako od mamky,from 12.00,,5
Senec,DOVOZ NÁPOJOV.sk,from 50.00,62 - 72 min.,4.6
Senec,Kráľovský bufet,from 7.00,85 - 95 min.,4.9
Senec,Teutat Burger,from 20.00,40 - 50 min.,4.9
Senec,Senecké Pirôžky Mňam,from 9.00,25 - 35 min.,5
Senec,Murphy's Pub,from 4.40,55 - 65 min.,4.6
Senec,Pizzeria Verona,from 5.00,70 - 80 min.,4.9
Senec,Pizza Max a Menu,from 4.19,,4.5
Senec,Pizza Caffé,from 10.00,55 - 65 min.,4.8
Senec,Hladná diera,from 5.00,55 - 65 min.,4.6
Senec,Pipi Bibi Gril Zlaté Klasy,from 15.00,70 - 80 min.,4.4
Senec,Čertíci,from 6.00,55 - 65 min.,4.7
Senec,Schnitzel Burger Grill,from 5.00,55 - 65 min.,4.7
Senec,Flip Flap Bistro,from 4.90,55 - 65 min.,4.8
Senec,Tankovňa Lumax,from 3.90,55 - 65 min.,4.6
Senec,Pizzeria Stella,from 6.60,115 - 125 min.,5
Senec,Bistro Pumpa,from 5.00,55 - 65 min.,4.8
Senec,M&D Fastfood,from 5.00,40 - 50 min.,4.6
Senec,Hotel Koliba,from 4.50,85 - 95 min.,4.8
Senec,Woky Poky,from 8.00,55 - 65 min.,4.9
Senec,Pizza Pruk,from 29.90,115 - 125 min.,4.4
Senec,Pruk Grill bar,from 25.00,115 - 125 min.,4.7
Senec,Reštaurácia Pruk,from 29.90,115 - 125 min.,4.7
Senec,Reštaurácia Čierna Ruža,from 15.00,,4.5
Liptovský Mikuláš,Zeppelin pub,from 5.00,70 - 80 min.,4.5
Liptovský Mikuláš,Pizza Planet,from 5.30,70 - 80 min.,4.9
Liptovský Mikuláš,Liptov pizza,from 5.00,40 - 50 min.,4.9
Liptovský Mikuláš,Poké Bistro,from 5.00,55 - 65 min.,4.6
Liptovský Mikuláš,Saigon restaurant & pizza,from 4.50,70 - 80 min.,4.9
Liptovský Mikuláš,Regal Burger,from 5.00,70 - 80 min.,4.8
Liptovský Mikuláš,Pizzéria Italiana,from 5.00,55 - 65 min.,4.7
Liptovský Mikuláš,Bonsai restaurant,from 4.99,115 - 125 min.,4.8
Liptovský Mikuláš,Alto Sushi,from 7.00,100 - 110 min.,4.9
Liptovský Mikuláš,Good Mood Pizza & Bar,from 5.00,70 - 80 min.,4.8
Liptovský Mikuláš,Bongiorno pizza z pece,from 6.00,55 - 65 min.,4.8
Liptovský Mikuláš,Marino restaurant&pizzeria,from 5.00,55 - 65 min.,4.3
Liptovský Mikuláš,Big kebab,from 6.00,55 - 65 min.,4.5
Liptovský Mikuláš,Koliba u Haliho/Haliho pizza,from 6.00,115 - 125 min.,4.6
Liptovský Mikuláš,Chocolate Patrik,from 5.00,,4.4
Liptovský Mikuláš,Babičkina záhrada,from 0.00,,4.3
Liptovský Mikuláš,Zeppelin pub - Papuča,from 5.00,70 - 80 min.,4.9
Liptovský Mikuláš,Reštaurácia Maytex,from 5.00,115 - 125 min.,4.4
Liptovský Mikuláš,Bernard Pub Maladinovo,from 11.80,70 - 80 min.,4.9
Liptovský Mikuláš,Čínska reštaurácia Mikuláš,from 4.90,70 - 80 min.,4.6
Liptovský Mikuláš,Krusty Krab Burgers,from 8.00,,4.8
Trenčín,Marilyn,from 7.00,85 - 95 min.,4.8
Trenčín,Naša Reštaurácia a Pizzéria,from 6.00,25 - 35 min.,4.9
Trenčín,UNI pizza,from 5.00,40 - 50 min.,5
Trenčín,Mestský hostinec,from 6.50,55 - 65 min.,5
Trenčín,Kebabizňa Juh,from 7.77,55 - 65 min.,4.8
Trenčín,Pizza Oliva,from 6.29,55 - 65 min.,4.7
Trenčín,Country Pub - Bowling,from 6.00,100 - 110 min.,4.8
Trenčín,KUKI Restaurant Karpatská,from 6.00,70 - 80 min.,4.6
Trenčín,Reštaurácia Dôstojník,from 6.60,55 - 65 min.,4.4
Trenčín,Burgr jako kráva Trenčín,from 7.00,85 - 95 min.,4.5
Trenčín,Flowers Drive,from 20.00,40 - 50 min.,
Trenčín,Reštaurácia Dantes,from 6.00,100 - 110 min.,4.6
Trenčín,Kvety Naomi,from 25.00,40 - 50 min.,
Trenčín,Bosco restaurant,from 6.30,85 - 95 min.,4.4
Trenčín,Delhi Dhaba Restaurant,from 5.00,85 - 95 min.,4.6
Trenčín,Potraviny Mňamka,from 20.00,85 - 95 min.,5
Trenčín,Chocolate Patrik,from 5.00,,4.4
Trenčín,Babičkina záhrada,from 0.00,,4.3
Trenčín,Koliba,from 7.50,70 - 80 min.,4.5
Trenčín,Kvety Nerine,from 0.00,55 - 65 min.,5
Trenčín,Motorest Maják,from 3.50,115 - 125 min.,4.4
Trenčín,Kuki,from 7.00,85 - 95 min.,4.5
Trenčín,AVK Reštaurácia,from 5.30,115 - 125 min.,4.5
Trenčín,Kebab na sihoti,from 7.00,,4.8
Trenčín,Barbakan,from 6.90,70 - 80 min.,4.6
Trenčín,The taste of India,from 4.99,85 - 95 min.,4.6
Trenčín,Nočná pizza Foodfabrik,from 7.00,92 - 102 min.,3.8
Kysucké Nové Mesto,Mánia Pizzeria KNM,from 4.50,40 - 50 min.,4.7
Kysucké Nové Mesto,Sushi Bonsai,from 30.00,70 - 80 min.,4.9
Kysucké Nové Mesto,Pizzéria Viola,from 3.00,40 - 50 min.,4.9
Kysucké Nové Mesto,Al Capone,from 4.50,70 - 80 min.,4.9
Kysucké Nové Mesto,Next Kebab,from 3.70,70 - 80 min.,4.8
Kysucké Nové Mesto,Pizza Express ROBINSSON,from 3.85,55 - 65 min.,4.8
Kysucké Nové Mesto,Duo Pizza,from 6.00,55 - 65 min.,3.9
Kysucké Nové Mesto,River Restaurant,from 20.00,85 - 95 min.,4.7
Kysucké Nové Mesto,Pizza Expres Michaelo KNM,from 3.65,55 - 65 min.,4.6
Kysucké Nové Mesto,Pizzeria Santino,from 5.00,55 - 65 min.,4.1
Kysucké Nové Mesto,Pizzalandia,from 4.20,55 - 65 min.,4.6
Kysucké Nové Mesto,Chocolate Patrik,from 5.00,,4.4
Kysucké Nové Mesto,Babičkina záhrada,from 0.00,,4.3
Kysucké Nové Mesto,Beer Bar,from 25.00,55 - 65 min.,5
Kysucké Nové Mesto,Zahrejeme,from 13.00,,5
Kysucké Nové Mesto,Chlebíčky Žilina,from 20.00,,5
Kysucké Nové Mesto,SK Gastro,from 3.00,40 - 50 min.,4.8
Kysucké Nové Mesto,Food House,from 4.00,45 - 55 min.,5
Kysucké Nové Mesto,Pizzéria Carolina,from 16.00,40 - 50 min.,4.7
Ružomberok,Café Efekt,from 7.00,55 - 65 min.,4.9
Ružomberok,London Pizza,from 5.50,100 - 110 min.,4.9
Ružomberok,Pizza a Kebab,from 8.00,55 - 65 min.,4.8
Ružomberok,Roveň pub Kocka,from 5.50,100 - 110 min.,4.8
Ružomberok,California Pub,from 5.00,55 - 65 min.,4.7
Ružomberok,Familiya,from 0.00,85 - 95 min.,4.7
Ružomberok,Penzión Jánošíkova Krčma,from 10.00,115 - 125 min.,4.7
Ružomberok,Chocolate Patrik,from 5.00,,4.4
Ružomberok,Babičkina záhrada,from 0.00,,4.3
Ružomberok,Potraviny,from 20.00,115 - 125 min.,5
Ružomberok,Café bistro chez les Moustiques,from 4.00,,4.9
Ružomberok,Pizza Planet,from 49.90,70 - 80 min.,4.9
Levice,e-Burger,from 5.90,40 - 50 min.,5
Levice,Pizza & Kebab BRAKAB,from 5.00,25 - 35 min.,4.8
Levice,Italy pizza,from 4.00,40 - 50 min.,4.9
Levice,Viet Home Levice,from 10.00,40 - 50 min.,4.6
Levice,Tatami,from 5.00,115 - 125 min.,4.8
Levice,KOISUSHI,from 5.00,115 - 125 min.,4.8
Levice,Chocolate Patrik,from 5.00,,4.4
Levice,Babičkina záhrada,from 0.00,,4.3
Levice,Pizza Calabria,from 5.00,40 - 50 min.,5
Levice,Reštaurácia Sitno,from 4.20,115 - 125 min.,4.2
Bardejov,Expres Panda,from 3.00,55 - 65 min.,5
Bardejov,Speedy Pizza,from 3.90,55 - 65 min.,4.7
Bardejov,Pizza Opizza,from 3.80,70 - 80 min.,4.8
Bardejov,R66 Pizza&Burger,from 3.90,100 - 110 min.,4.7
Bardejov,Alibaba Kebab,from 3.50,55 - 65 min.,4.4
Bardejov,Pizza Garžoľ,from 5.00,70 - 80 min.,4.6
Bardejov,GRILL BOXes,from 4.00,55 - 65 min.,4.2
Bardejov,Chocolate Patrik,from 5.00,,4.4
Bardejov,Babičkina záhrada,from 0.00,,4.3
Bardejov,MM drink,from 1.00,25 - 35 min.,5
Bardejov,Pizzeria Francesco,from 5.00,55 - 65 min.,4.8
Bardejov,Epic Burger,from 5.50,55 - 65 min.,4.9
Bardejov,ART bistro & catering,from 3.90,85 - 95 min.,4.4
Bardejov,Vypic a žic,from 10.00,10 - 20 min.,5
Lučenec,Pizzeria Ragazza,4.00,55 - 65 min.,4.9
Lučenec,Kebab na stanici,3.00,85 - 95 min.,4.3
Lučenec,Pizzeria Mondo,4.00,55 - 65 min.,4.8
Lučenec,Ristorante Romantik,5.50,40 - 50 min.,4.6
Lučenec,Reštaurácia Prameň,0.00,85 - 95 min.,4.1
Lučenec,Chocolate Patrik,5.00,,4.4
Lučenec,Babičkina záhrada,0.00,,4.3
Lučenec,Reštaurácia LA ViVA,3.50,115 - 125 min.,5
Lučenec,Food 66,0.00,115 - 125 min.,4.8
Lučenec,Hostinec u Čierneho Orla,3.70,115 - 125 min.,4.9